drugbankId,name,kegg_cid,kegg_id
DB13089,Enoxolone,C02283,
DB13087,Miridesap,C10045,D11464
DB03700,D-Threonine,C12317,
DB03708,Adenosine 5'-phosphosulfate,C00224,
DB03703,Cyclohexanol,C00854,
DB03704,12-Hydroxydodecanoic Acid,C08317,
DB01101,Capecitabine,C12650,D01223
DB01100,Pimozide,C07566,D00560
DB02431,Cytidine-5'-Triphosphate,C00063,
DB03765,2'-cytidylic acid,C03104,
DB02430,Trehalose-6-Phosphate,C00689,
DB03766,Propanoic acid,C00163,D02310
DB01105,Sibutramine,C07247,D08513
DB03760,Dihydrolipoic Acid,C02147,
DB01104,Sertraline,C07246,D02360
DB03761,5-fluoro-2'-deoxyuridine-5'-monophosphate,C04242,
DB01103,Quinacrine,C07339,D08179
DB01109,Heparin,C00374,
DB01108,Trilostane,C12580,D01180
DB01112,Cefuroxime,C06894,D00262
DB03776,Lactaldehyde,C00424,
DB01110,Miconazole,C08070,D00882
DB03777,Bisindolylmaleimide I,C11238,
DB01116,Trimethaphan,C07174,
DB01115,Nifedipine,C07266,D00437
DB01114,Chlorpheniramine,C06905,D07398
DB03773,alpha-D-quinovopyranose,C08352,
DB01113,Papaverine,C06533,D07425
DB01119,Diazoxide,C06949,D00294
DB01118,Amiodarone,C06823,D02910
DB01117,Atovaquone,C06835,D00236
DB02448,N-Tridecanoic Acid,C17076,
DB03779,Glucosaminyl-(Alpha-6)-D-Myo-Inositol,C15658,
DB15764,Benzyl nicotinate,C12865,
DB13100,Biguanide,C07672,
DB13105,Resolvin E1,C18171,
DB01123,Proflavine,C11181,
DB01122,Ambenonium,C07773,
DB01121,Phenacemide,C07428,D00504
DB02452,Thymidine 5'-triphosphate,C00459,
DB01127,Econazole,C08068,D03936
DB02458,"S-(2,4-dinitrophenyl)glutathione",C11175,
DB03783,Phenacetin,C07591,D00569
DB01124,Tolbutamide,C07148,D00380
DB01129,Rabeprazole,C07864,D08463
DB01128,Bicalutamide,C08160,D00961
DB15760,Cobaltous sulfate,C17383,
DB15774,beta-Escin,C08921,
DB15778,Hydrogen iodide,C05590,
DB03791,GW-3965,C15631,
DB02460,Hydrogenobyrinic acid,C06399,
DB01133,Tiludronic acid,C08141,
DB02464,Benzylamine,C15562,
DB03798,2'-Deoxycytidine-5'-Monophosphate,C00239,
DB01132,Pioglitazone,C07675,D08378
DB01131,Proguanil,C07631,
DB01138,Sulfinpyrazone,C07317,D00449
DB03793,Benzoic acid,C00539,D00038
DB01137,Levofloxacin,C07660,D08120
DB01136,Carvedilol,C06875,D00255
DB02467,L-methionine (S)-S-oxide,C15999,
DB03795,2-Dehydropantoate,C00966,
DB01135,Doxacurium,C07549,D00760
DB03796,Palmitic Acid,C00249,D05341
DB01139,Cefapirin,C06896,
DB03720,"alpha,beta-Dehydroaminobutyric acid",C17234,
DB03723,2'-Deoxy-Thymidine-Beta-L-Rhamnose,C03319,
DB03728,p-Chlorobenzoic acid,C02370,
DB03725,5'-Guanylylmethylenebisphosphonate,C06500,
DB03726,Purine Riboside-5'-Monophosphate,C05325,
DB03727,Coproporphyrin I,C05769,
DB03733,Ethylene Dichloride,C06752,
DB02403,2-Fluoroaniline,C11010,
DB02406,N-Valeric Acid,C00803,
DB02412,Tetrahydropyran,C15345,
DB02418,"(R,R)-2,3-Butanediol",C03044,
DB02417,"2,4,6-Tribromophenol",C14454,
DB03754,Tromethamine,C07182,D00396
DB03756,Doconexent,C06429,
DB02424,Geldanamycin,C11222,
DB03750,Isovaleric Acid,C08262,
DB03751,2'deoxy-Thymidine-5'-Diphospho-Alpha-D-Glucose,C00842,
DB02428,Quinaldic Acid,C06325,
DB14498,Potassium acetate,C12554,
DB14499,Potassium sulfate,C13192,
DB14496,Sodium molybdate,C15455,
DB13169,Nandrolone,C07254,D08250
DB01181,Ifosfamide,C07047,D00343
DB01180,Rescinnamine,C06540,D00198
DB01183,Naloxone,C07252,D08249
DB01182,Propafenone,C07381,D08435
DB01189,Desflurane,C07519,D00546
DB01186,Pergolide,C07425,D08339
DB14492,Potassium triiodide,C08040,D00860
DB13178,Inositol,C00137,D08079
DB13179,Troleandomycin,C12753,D01322
DB01192,Oxymorphone,C08019,D08323
DB01190,Clindamycin,C06914,D00277
DB01196,Estramustine,C11228,D04066
DB01195,Flecainide,C07001,D07962
DB01194,Brinzolamide,C07760,D00652
DB01193,Acebutolol,C06803,D02338
DB01199,Tubocurarine,C07547,
DB13174,Rhein,C10401,
DB13182,Daidzein,C10208,
DB13180,Gluconic Acid,C00257,
DB13191,Phosphocreatine,C02305,
DB01141,Micafungin,C15819,D02465
DB01140,Cefadroxil,C06878,D00257
DB01144,Diclofenamide,C07459,D00518
DB02475,Deoxyamidinoproclavaminic acid,C06656,
DB01143,Amifostine,C06819,
DB01142,Doxepin,C06971,D07875
DB01149,Nefazodone,C07256,D08257
DB01148,Flavoxate,C07809,D07961
DB01147,Cloxacillin,C06923,
DB15782,Cetyl palmitate,C13821,
DB13132,Artemisinin,C09538,
DB13139,Levosalbutamol,C11770,D08124
DB01152,Candicidin,C06690,D03347
DB01151,Desipramine,C06943,D07791
DB01150,Cefprozil,C06888,
DB02481,N-Benzylformamide,C15561,
DB01156,Bupropion,C06860,D07591
DB01154,Thiamylal,C07846,D06106
DB02485,Cytidine-5'-Monophosphate-5-N-Acetylneuraminic Acid,C00128,
DB01159,Halothane,C07515,D00542
DB01158,Bretylium,C06855,D00645
DB01157,Trimetrexate,C11154,D06238
DB13145,Nedaplatin,C12862,D01416
DB14474,Sorbitan,C09367,
DB14475,L-Lactic acid,C00186,
DB01162,Terazosin,C07127,D08569
DB01161,Chloroprocaine,C07877,D07678
DB01160,Dinoprost tromethamine,C12786,D01352
DB01165,Ofloxacin,C07321,D00453
DB02496,1-Deoxy-D-xylulose 5-phosphate,C11437,
DB01164,Calcium chloride,C08130,
DB01168,Procarbazine,C07402,D08423
DB13154,Parachlorophenol,C02124,D00149
DB13155,Esculin,C09264,
DB01170,Guanethidine,C07036,D02237
DB01174,Phenobarbital,C07434,D00506
DB01173,Orphenadrine,C07935,D08305
DB01172,Kanamycin,C01822,
DB01176,Cyclizine,C06930,D03621
DB01179,Podofilox,C10874,
DB13153,Levomenol,C09621,
DB03800,Deoxyuridine monophosphate,C00365,
DB03817,"L-2,4-diaminobutyric acid",C03283,
DB03819,Salicylhydroxamic Acid,C11343,
DB03829,Pseudouridine-5'-Monophosphate,C01168,
DB03823,Epigallocatechin,C12136,
DB03825,Rhodamine 6G,C11177,
DB02501,N(2)-succinyl-L-arginine,C03296,
DB03839,D-Tyrosine,C06420,
DB02509,Farnesol,C01493,
DB14539,Hydrocortisone acetate,C02821,D00165
DB13209,Bismuth subnitrate,C13102,D01642
DB01221,Ketamine,C07525,D08098
DB02552,Geranyl Diphosphate,C05847,
DB03886,Biopterin,C06313,
DB01226,Mivacurium,C07550,
DB02557,Phosphoramidon,C00563,
DB02556,D-Phenylalanine,C02265,
DB03882,"5-Alpha-Androstane-3-Beta,17beta-Diol",C12525,
DB01224,Quetiapine,C07397,D08456
DB02554,UDP-6-sulfoquinovose,C11521,
DB03884,Phenylpyruvic acid,C00166,
DB01229,Paclitaxel,C07394,D00491
DB01228,Encainide,C06978,D07894
DB01227,Levacetylmethadol,C08012,D04716
DB13212,Phenolsulfonphthalein,C12600,
DB14543,Hydrocortisone probutate,C13358,D01886
DB15872,L-alpha-Glycerophosphorylethanolamine,C01233,
DB13210,Sodium chlorite,C19523,
DB14541,Hydrocortisone cypionate,C08176,D00976
DB13215,Sulfobromophthalein,C11363,
DB14547,Chloride ion,C00698,
DB01233,Metoclopramide,C07868,D00726
DB03896,Triphosphoric acid,C00536,
DB02563,Hexanoyl-CoA,C05270,
DB03897,Phloretic acid,C01744,
DB01231,Diphenidol,C06961,D03858
DB02562,"Quinonoid 7,8-Tetrahydrobiopterin",C00268,
DB01230,Pemoline,C07899,D00744
DB01236,Sevoflurane,C07520,D00547
DB01235,Levodopa,C00355,D00059
DB01234,Dexamethasone,C15643,D00292
DB01239,Chlorprothixene,C07953,D00790
DB01238,Aripiprazole,C12564,D01164
DB14551,Phosphorus P-32,C19162,
DB13224,Piperidione,C17730,
DB13229,Enibomal,C17722,
DB01240,Epoprostenol,C01312,D00106
DB02571,Allysine,C04076,
DB01244,Bepridil,C06847,D07520
DB01242,Clomipramine,C06918,D00811
DB01241,Gemfibrozil,C07020,D00334
DB01248,Docetaxel,C11231,D02165
DB02579,Acrylic Acid,C00511,
DB01246,Alimemazine,C07172,D07125
DB01245,Decamethonium,C11733,
DB01250,Olsalazine,C07323,D00727
DB01253,Ergometrine,C07543,D07905
DB02587,Colforsin,C09076,D03584
DB03843,Formaldehyde,C00067,D00017
DB02513,Thymol,C09908,D01039
DB02517,D-Glutamic Acid,C00217,
DB02515,sn-glycerol 3-phosphate,C00093,
DB15830,Ruscogenin,C08909,D08498
DB14502,"Sodium phosphate, dibasic",C13558,
DB15833,alpha-Keto-isoleucine,C00671,
DB15831,alpha-Keto-beta-methylvaleric acid,C03465,
DB14509,Lithium carbonate,C07964,
DB02520,Ditiocarb,C19150,
DB03852,Eucalyptol,C09844,D04115
DB03854,Cadaverine,C01672,
DB02522,Phosphonopyruvate,C02798,
DB02521,Flaviolin,C18012,
DB02527,Cyclic adenosine monophosphate,C00575,
DB14510,Ferrous cation,C14818,
DB14512,Mometasone furoate,C07817,D00690
DB14516,Sodium cation,C01330,
DB01200,Bromocriptine,C06856,D03165
DB02531,Isobutyric acid,C02632,
DB02530,gamma-Aminobutyric acid,C00334,D00058
DB03866,Prostaglandin G2,C05956,
DB01204,Mitoxantrone,C11195,D08224
DB03860,ICI-164384,C14758,
DB01202,Levetiracetam,C07841,D00709
DB01201,Rifapentine,C08059,D00879
DB01208,Sparfloxacin,C07662,D00590
DB01206,Lomustine,C07079,D00363
DB01205,Flumazenil,C07825,D00697
DB02536,D-glyceraldehyde,C00577,
DB03868,3-Dehydroquinic Acid,C00944,
DB01209,Dezocine,C08010,D00838
DB14525,Chromic cation,C19368,
DB14522,Hydroxide ion,C01328,
DB01211,Clarithromycin,C06912,D00276
DB01210,Levobunolol,C07914,D08115
DB01215,Estazolam,C06981,D00311
DB01214,Metipranolol,C07915,D02374
DB02545,Fexaramine,C15649,
DB01213,Fomepizole,C07837,D00707
DB01212,Ceftriaxone,C06683,D07659
DB02543,Pyrrole-2-Carboxylate,C05942,
DB01219,Dantrolene,C06939,D02347
DB01218,Halofantrine,C07634,
DB01217,Anastrozole,C08159,D00960
DB02548,D-glucitol 6-phosphate,C01096,
DB02547,Guanosine-5'-Diphosphate-Rhamnose,C03117,
DB13245,Thiram,C11160,D06114
DB14574,Cobalt,C19171,
DB13248,Phthalylsulfathiazole,C07659,
DB02591,"5,6-Dimethylbenzimidazole",C03114,
DB02590,Abequose,C06471,
DB02596,"alpha,beta-Methyleneadenosine 5'-triphosphate",C13740,
DB02594,2'-Deoxycytidine,C00881,
DB13240,Cymarin,C08859,
DB14570,Hydroxyprogesterone,C01176,D08052
DB13259,Ethyl chloride,C18248,
DB14589,Caprylyl glycol,C14273,
DB01275,Hydralazine,C07040,D08044
DB13250,Methylmethionine chloride,C04078,
DB01284,Tetracosactide,C06926,D00284
DB01285,Corticotropin,C02017,D00146
DB13275,Clorindione,C13714,D07135
DB13276,Idanpramine,C17728,
DB01291,Pirbuterol,C07807,D08387
DB01294,Bismuth subsalicylate,C07870,D00728
DB01299,Sulfadoxine,C07630,D00580
DB01297,Practolol,C11696,D05587
DB01296,Glucosamine,C00329,D04334
DB13273,Sultopride,C11708,D08549
DB13274,Micronomicin,C17706,
DB15903,Chlormadinone acetate,C12729,D01299
DB15901,o-Cymen-5-ol,C14741,
DB15906,Acetylene,C01548,
DB15905,Nicotinaldehyde,C07327,
DB03929,D-Serine,C00740,
DB15914,Cryptoxanthin,C08591,
DB15919,Diquafosol,C06198,
DB15917,Camphene,C06076,
DB15916,Anethole,C10428,
DB03937,D-erythrose 4-phosphate,C00279,
DB03938,Deacetoxycephalosporin C,C06565,
DB02609,4-Hydroxy-L-Threonine-5-Monophosphate,C06055,
DB03934,Zinc protoporphyrin,C03184,
DB15921,Tocopheryl nicotinate,C12981,
DB03940,Oxamic Acid,C01444,
DB03941,p-Heptylphenol,C14698,
DB03943,D-Asparagine,C01905,
DB03945,"N,N,N-Trimethyl-2-(phosphonooxy)ethanaminium",C00588,
DB03946,"3,4-Dihydroxybenzoic Acid",C00230,
DB03947,D-Xylulose,C00310,
DB15931,Chamazulene,C09633,
DB15930,Carbaryl,C07491,
DB15935,Lumasiran,C10212,D11925
DB03951,N-acetyl-D-glucosamine-6-phosphate,C00357,
DB03955,1-deoxymannojirimycin,C10141,
DB03904,Urea,C00086,D00023
DB03902,Oxalic Acid,C00209,
DB03909,"Adenosine-5'-[Beta, Gamma-Methylene]Triphosphate",C13741,
DB03915,2-Amino-3-Ketobutyric Acid,C03508,
DB03912,D-pantetheine 4'-phosphate,C01134,
DB03913,Coenzyme F420,C00876,
DB15984,Clostebol acetate,C18374,
DB14656,Chlorphenesin carbamate,C07930,D00770
DB14657,Paramethasone acetate,C12656,D01229
DB13323,Trichloroethylene,C06790,
DB15985,Gamma-amino-beta-hydroxybutyric acid,C03678,
DB13329,Guaiazulen,C09675,
DB14658,Chloramphenicol palmitate,C11726,D01072
DB14659,Melengestrol acetate,C14642,D04900
DB00010,Sermorelin,C08192,D08509
DB01345,Potassium cation,C00238,D08403
DB00017,Salmon calcitonin,C06865,D00249
DB02679,Cyanamide,C01566,D00123
DB13332,Dibutylsuccinate,C19143,
DB15995,Nitric acid,C00244,
DB15994,Methane,C01438,
DB13336,Dimethylphthalate,C11233,
DB14667,Phenyl hydrogen sulfate,C02180,
DB12007,Isoflavone,C00799,
DB13339,Etoglucid,C19537,
DB01354,Heptabarbital,C17725,
DB01352,Aprobarbital,C07826,D00698
DB01351,Amobarbital,C07536,D00555
DB01357,Mestranol,C07618,D00575
DB02688,"2,3-Didehydroalanine",C02218,
DB01356,Lithium cation,C15473,
DB01355,Hexobarbital,C11723,D01071
DB01359,Penbutolol,C07416,D08074
DB13347,Diphenadione,C18698,D07136
DB14678,Norethindrone enanthate,C14486,
DB00030,Insulin human,C00723,D03230
DB02691,Glycocholic acid,C01921,
DB01365,Mephentermine,C07889,D08180
DB01364,Ephedrine,C01575,D00124
DB01369,Quinupristin,C08032,D00852
DB02699,4-Oxoretinol,C16683,
DB00035,Desmopressin,C06944,D00291
DB00036,Coagulation factor VIIa Recombinant Human,C03378,D00172
DB13355,Visnadine,C09316,
DB12025,Triptolide,C09204,
DB00040,Glucagon,C01501,D00116
DB01370,Aluminium,C06264,
DB01373,Calcium,C00076,
DB00048,Collagenase clostridium histolyticum,C00816,
DB01378,Magnesium cation,C00305,
DB01377,Magnesium oxide,C12567,D01167
DB14681,Cortisone,C00762,D07749
DB15949,Raubasine,C09024,
DB02632,4-nitrophenyl-beta-D-galactoside,C04452,
DB03961,"2c-Methyl-D-Erythritol 2,4-Cyclodiphosphate",C11453,
DB03966,Clorobiocin,C12032,
DB15955,Teprenone,C13297,
DB15954,Strychnine,C06522,
DB15957,Terpinyl acetate,C12300,
DB14626,Pregnenolone acetate,C14658,
DB15956,Terpineol,C16772,
DB02640,Fumagillin,C09668,
DB03974,L-homoarginine,C01924,
DB02649,3-Amino-3-Oxopropanoic Acid,C04131,
DB02648,(3-Carboxy-2-(R)-Hydroxy-Propyl)-Trimethyl-Ammonium,C00487,
DB13304,Triaziquone,C19542,
DB14632,Prednisolone tebutate,C08182,D00982
DB15963,Thioctamide,C00248,
DB14638,Diloxanide furoate,C07637,D02480
DB15967,"2,3-Dimercapto-1-propanesulfonic acid",C10922,
DB01321,Josamycin,C12662,D01235
DB01320,Fosphenytoin,C07840,D07993
DB02650,Trichloroacetaldehyde,C14866,
DB01325,Quinethazone,C07342,D00461
DB02656,LY-294002,C15195,
DB03980,4-(Fluorophenyl)-1-Cyclopropylmethyl-5-(2-Amino-4-Pyrimidinyl)Imidazole,C14316,
DB01324,Polythiazide,C07766,D00657
DB02655,D-Aspartic Acid,C00402,
DB01322,Kava,C07611,
DB01329,Cefoperazone,C06883,
DB01328,Cefonicid,C06882,D07644
DB02659,Cholic Acid,C00695,D10699
DB01327,Cefazolin,C06880,D02299
DB01326,Cefamandole,C06879,D02344
DB02657,Glucosamine 6-Phosphate,C00352,
DB03989,D-Allopyranose,C01487,
DB14640,Isoflupredone acetate,C14636,D04627
DB14646,Prednisone acetate,C14668,D08416
DB14649,Dexamethasone acetate,C08174,D07796
DB01332,Ceftizoxime,C06890,
DB02663,2-Amino-4-(Hydroxymethyl-Phosphinyl)Butanoic Acid,C05042,
DB03995,Betadex,C13183,
DB01331,Cefoxitin,C06887,D02345
DB01330,Cefotetan,C06886,D00260
DB03997,L-histidinol phosphate,C01100,
DB01336,Metocurine,C07919,
DB00005,Etanercept,C07897,D00742
DB01333,Cefradine,C06897,D00264
DB03994,Ethanolamine,C00189,D05074
DB01339,Vecuronium,C07553,
DB01338,Pipecuronium,C07554,
DB00007,Leuprolide,C07612,D08113
DB01337,Pancuronium,C07551,
DB00091,Cyclosporine,C05086,D00184
DB12087,Vanillyl alcohol,C06317,
DB12093,Tetrahydropalmatine,C02890,
DB13366,Hydrochloric acid,C01327,D02057
DB12039,Epicatechin,C09727,
DB01380,Cortisone acetate,C08173,D00973
DB01384,Paramethasone,C07413,D07464
DB01388,Mibefradil,C07222,D08217
DB13362,Pheneturide,C12590,D01190
DB13376,Succinimide,C07273,
DB13374,Vincamine,C09251,
DB01390,Sodium bicarbonate,C12603,D01203
DB01394,Colchicine,C07592,D00570
DB01392,Yohimbine,C09256,D08685
DB00067,Vasopressin,C00840,D00101
DB01397,Magnesium salicylate,C07995,D00827
DB01396,Digitoxin,C06955,D00297
DB00068,Interferon beta-1b,C07901,D00746
DB13373,Acriflavinium chloride,C11273,
DB13370,Bromisoval,C12829,
DB13371,Difenpiramide,C17720,
DB12054,BQ-123,C11587,
DB13386,Epimestrol,C14593,
DB12052,Icariin,C17555,
DB00080,Daptomycin,C12013,D01080
DB00083,Botulinum toxin type A,C07946,D00783
DB13393,Emetine,C09421,
DB02709,Resveratrol,C03582,
DB02710,"2,3,-Dihydroxybenzoylserine",C04204,
DB02714,3'-Uridinemonophosphate,C01368,
DB02717,Cellotetraose,C02013,
DB02726,2-Phosphoglycolic Acid,C00988,
DB01400,Neostigmine,C07258,D08261
DB02730,4-Methylthio-Alpha-D-Mannose,C00936,
DB02736,Acetamide,C06244,
DB01403,Methotrimeprazine,C07192,D00403
DB14723,Larotrectinib,C06171,D11137
DB14728,Mebenil,C18913,
DB02740,3-Indolebutyric Acid,C11284,
DB01413,Cefepime,C08111,D02376
DB01412,Theobromine,C07480,
DB01416,Cefpodoxime,C08114,D07650
DB01415,Ceftibuten,C08117,D00922
DB02746,Phthalic Acid,C01606,
DB02745,Uridine,C00299,
DB02703,Fusidic acid,C06694,D04281
DB02702,XV638,C06488,
DB02701,Nicotinamide,C00153,D00036
DB12110,m-Chlorophenylpiperazine,C11738,
DB12116,Epigallocatechin gallate,C09731,
DB00132,alpha-Linolenic acid,C06427,
DB02795,P-Anisic Acid,C02519,
DB00133,Serine,C00065,D00016
DB00130,L-Glutamine,C00064,D00015
DB02793,Isochorismic Acid,C00885,
DB00131,Adenosine phosphate,C00020,D02769
DB00136,Calcitriol,C01673,D00129
DB00137,Lutein,C08601,
DB00134,Methionine,C00073,D00019
DB01466,Ethylmorphine,C07537,D07929
DB00135,Tyrosine,C00082,D00022
DB00138,Cystine,C00491,D03636
DB00139,Succinic acid,C00042,
DB13453,Xenon,C13373,
DB12126,Bradykinin,C00306,
DB13459,Pecilocin,C12905,
DB01471,Bolasterone,C14475,D03144
DB00140,Riboflavin,C00255,D00050
DB00143,Glutathione,C02471,D00014
DB00141,N-Acetylglucosamine,C00140,
DB00142,Glutamic acid,C00025,D00007
DB00147,Pyridoxal,C00250,
DB01479,BA-2664,C15376,
DB00148,Creatine,C00300,
DB00145,Glycine,C00037,D00011
DB00146,Calcifediol,C01561,D00122
DB00149,Leucine,C00123,D00030
DB00150,Tryptophan,C00078,D00020
DB00151,Cysteine,C00097,D00026
DB01481,1-Testosterone,C15377,
DB00154,Dihomo-gamma-linolenic acid,C03242,
DB01486,Cathine,C08300,D07627
DB00155,Citrulline,C00327,D07706
DB00152,Thiamine,C00378,D08580
DB00153,Ergocalciferol,C05441,D00187
DB01483,Barbital,C02517,D01740
DB00158,Folic acid,C00504,D00070
DB00159,Icosapent,C06428,D08061
DB00156,Threonine,C00188,D00041
DB01488,Dimethyltryptamine,C08302,
DB00157,NADH,C00004,
DB00161,Valine,C00183,D00039
DB00162,Vitamin A,C17276,D00069
DB00160,Alanine,C00041,D00012
DB00165,Pyridoxine,C00314,
DB01497,Etorphine,C11793,D07937
DB00166,Lipoic acid,C16241,D00086
DB00166,Losartan/thioctic acid,C16241,D00086
DB00163,Vitamin E,C02477,
DB00169,Cholecalciferol,C05443,D00188
DB00167,Isoleucine,C00407,D00065
DB00168,Aspartame,C11045,D02381
DB14732,Queuine,C01449,
DB14737,Cannabinol,C07580,
DB14735,Cannabichromene,C08998,
DB14739,Phenolsulfonic acid,C12849,D01403
DB01420,Testosterone propionate,C08158,D00959
DB02751,Glycocyamine,C00581,
DB01424,Aminophenazone,C07539,D00556
DB01421,Paromomycin,C00832,
DB01428,Oxybenzone,C14285,D05309
DB01427,Amrinone,C13594,D00231
DB01426,Ajmaline,C06542,D00199
DB02757,Pyrazole,C00481,
DB02756,Pyroquilon,C18487,
DB13418,Moxestrol,C14757,
DB13415,Pentetrazol,C13692,
DB13416,Sulbutiamine,C12750,
DB01431,Allylestrenol,C12811,D01374
DB00100,Coagulation Factor IX (Recombinant),C03101,
DB02761,S-Mercaptocysteine,C01962,
DB01435,Antipyrine,C13244,D01776
DB00104,Octreotide,C07306,D00442
DB01434,19-norandrostenedione,C14500,
DB00107,Oxytocin,C00746,D00089
DB01438,Phenazopyridine,C07429,D08346
DB01437,Glutethimide,C07489,D00532
DB13424,Clofenotane,C04623,
DB14756,meso-Tartaric acid,C00552,
DB02772,Sucrose,C00089,D00025
DB01440,gamma-Hydroxybutyric acid,C00989,
DB00114,Pyridoxal phosphate,C00018,D00006
DB00115,Cyanocobalamin,C02823,D00166
DB01445,Bufotenine,C08299,
DB02774,"1,3-Propanediol",C02457,
DB00118,Ademetionine,C00019,
DB00119,Pyruvic acid,C00022,
DB00116,Tetrahydrofolic acid,C00101,
DB00117,Histidine,C00135,D00032
DB00121,Biotin,C00120,D00029
DB00122,Choline,C00114,D07690
DB01452,Diamorphine,C06534,D07286
DB00120,Phenylalanine,C00079,D00021
DB00125,Arginine,C00062,D02982
DB02788,(S)-acetoin,C01769,
DB00126,Ascorbic acid,C00072,D00018
DB01456,5-androstenedione,C20252,
DB00123,L-Lysine,C00047,D02304
DB01454,Midomafetamine,C07577,D11172
DB00129,Ornithine,C00077,
DB00127,Spermine,C00750,
DB00128,Aspartic acid,C00049,D00013
DB02789,Pregnenolone,C01953,D00143
DB12198,Fosdagrocorat,C11282,D10634
DB13486,Magnesium peroxide,C17732,
DB12153,Citicoline,C00307,D00057
DB13487,Iodine (131I) norcholesterol,C13547,
DB12156,Cordycepin,C08431,
DB00172,Proline,C00148,D00035
DB00173,Adenine,C00147,D00034
DB00170,Menadione,C05377,D02335
DB00171,ATP,C00002,D08646
DB00176,Fluvoxamine,C07571,D07984
DB00174,Asparagine,C00152,
DB00175,Pravastatin,C01844,D08410
DB00179,Masoprocol,C10719,D04862
DB13495,Paraoxon,C06606,D10529
DB13499,Cefsulodin,C11253,
DB00180,Flunisolide,C07005,D00324
DB00184,Nicotine,C00745,D03365
DB00182,Amphetamine,C07514,D07445
DB00187,Esmolol,C06980,D07916
DB00189,Ethchlorvynol,C07833,D00704
DB12179,Secoisolariciresinol,C18167,
DB00191,Phentermine,C07438,D05458
DB00194,Vidarabine,C07195,D00406
DB00195,Betaxolol,C06849,D07526
DB00193,Tramadol,C07153,D08623
DB00198,Oseltamivir,C08092,D00900
DB00199,Erythromycin,C01912,D00140
DB14815,Ginsenoside B2,C08944,
DB01501,Difenoxin,C07871,D03809
DB02832,Siroheme,C00748,
DB02835,"Alpha-D-Glucose 1,6-Bisphosphate",C01231,
DB02838,"3,4-Dihydro-2h-Pyrrolium-5-Carboxylate",C03564,
DB02843,alpha-D-glucose-1-phosphate,C00103,
DB01515,Benzoylecgonine,C10847,
DB13506,Carfecillin,C11752,
DB14839,TOP-1288,C00899,
DB02854,Aetiocholanolone,C04373,
DB02853,D-Proline,C00763,
DB02852,Domoic Acid,C13732,
DB01526,4-Androstenediol,C14210,
DB02857,Guanosine,C00387,
DB01525,Ecgonine,C10858,
DB01524,Androstenediol,C04295,D00179
DB02859,Soraphen A,C11300,
DB13518,Alginic acid,C01768,D02324
DB02860,Calyculin A,C05370,
DB00202,Succinylcholine,C07546,
DB00203,Sildenafil,C07259,D08514
DB00200,Hydroxocobalamin,C08230,D01027
DB00201,Caffeine,C07481,D00528
DB00206,Reserpine,C06539,D00197
DB00207,Azithromycin,C06838,
DB00204,Dofetilide,C07751,D00647
DB01536,Androstenedione,C00280,D00051
DB02867,D-Mannose 1-Phosphate,C00636,
DB00205,Pyrimethamine,C07391,D00488
DB00208,Ticlopidine,C07140,D08594
DB02812,RWJ-56423,C07269,
DB02817,5-Exo-Hydroxycamphor,C03448,
DB02821,Canaline,C08270,
DB02823,Phosphonoacetic Acid,C05682,
DB12231,Temefos,C18809,
DB00250,Dapsone,C07666,D00592
DB00253,Medrysone,C14643,D02289
DB00254,Doxycycline,C06973,D07876
DB00251,Terconazole,C08080,D00888
DB00252,Phenytoin,C07443,D00512
DB01582,Sulfamethazine,C19530,
DB00257,Clotrimazole,C06922,D00282
DB01589,Quazepam,C07336,D00457
DB01588,Prazepam,C07366,D00470
DB00255,Diethylstilbestrol,C07620,D00577
DB01586,Ursodeoxycholic acid,C07880,D00734
DB00259,Sulfanilamide,C07458,D08543
DB12243,Edaravone,C13008,D01552
DB13578,Metabutethamine,C17723,
DB00260,Cycloserine,C08057,
DB01592,Iron,C00023,
DB00264,Metoprolol,C07202,D02358
DB01595,Nitrazepam,C07487,D00531
DB00262,Carmustine,C06873,D00254
DB00263,Sulfisoxazole,C07318,D00450
DB01593,Zinc,C00038,
DB00268,Ropinirole,C07564,D08489
DB01599,Probucol,C07373,D00476
DB00266,Dicoumarol,C00796,D03798
DB01598,Imipenem,C06665,
DB01597,Cilastatin,C01675,D07698
DB13571,Pentamycin,C13299,
DB00276,Amsacrine,C01553,D02321
DB00273,Topiramate,C07502,D00537
DB00274,Cefmetazole,C08103,D00910
DB00279,Liothyronine,C02465,D08128
DB00277,Theophylline,C07130,D00371
DB00278,Argatroban,C04931,D00181
DB13580,Succinylsulfathiazole,C11745,
DB13598,Diethyl ether,C13240,
DB00282,Pamidronic acid,C07395,D07281
DB00283,Clemastine,C06913,D03535
DB00280,Disopyramide,C06965,D00303
DB00281,Lidocaine,C07073,D00358
DB00284,Acarbose,C06802,D00216
DB00285,Venlafaxine,C07187,D08670
DB01541,Boldenone,C14502,D07536
DB00213,Pantoprazole,C11806,D05353
DB00211,Midodrine,C07890,D08220
DB00212,Remikiren,C07465,D09038
DB00218,Moxifloxacin,C07663,D08237
DB01548,Diprenorphine,C11794,D07863
DB00215,Citalopram,C07572,D07704
DB01546,Etryptamine,C06213,D04092
DB02877,Arotinoid acid,C15634,
DB13531,Nicofetamide,C17729,
DB13533,Methylestrenolone,C14491,
DB00220,Nelfinavir,C07257,D08259
DB00221,Isoetharine,C07053,D04625
DB00224,Indinavir,C07051,
DB01556,Chlorphentermine,C07559,
DB00222,Glimepiride,C07669,D00593
DB00228,Enflurane,C07516,D00543
DB00226,Guanadrel,C07035,D08029
DB00227,Lovastatin,C07074,D00359
DB13543,Mitobronitol,C13522,
DB12216,Bergapten,C01557,
DB00231,Temazepam,C07125,D00370
DB01563,Chloral hydrate,C06899,D00265
DB00232,Methyclothiazide,C07765,D00656
DB02893,D-Methionine,C00855,
DB01561,Androstanedione,C00674,
DB01560,Cathinone,C08301,
DB02891,Tricyclazole,C18492,
DB00235,Milrinone,C07224,D00417
DB00236,Pipobroman,C07362,D00467
DB02897,Acetylphosphate,C00227,
DB00233,Aminosalicylic acid,C02518,D00162
DB01565,Dihydromorphine,C11782,
DB00239,Oxiconazole,C08074,D08313
DB00237,Butabarbital,C07827,D03180
DB00238,Nevirapine,C07263,D00435
DB00246,Ziprasidone,C07568,D08687
DB00247,Methysergide,C07199,D02357
DB01577,Metamfetamine,C07164,D08187
DB01576,Dextroamphetamine,C07884,D03740
DB00245,Benzatropine,C06846,D07511
DB00248,Cabergoline,C08187,D00987
DB01579,Phendimetrazine,C07904,D08347
DB12278,Propiverine,C07852,D08441
DB00290,Bleomycin,C06854,
DB00293,Raltitrexed,C11372,D01064
DB00291,Chlorambucil,C06900,D00266
DB00292,Etomidate,C07522,D00548
DB00297,Bupivacaine,C07529,D07552
DB00295,Morphine,C01516,D08233
DB00296,Ropivacaine,C07532,D08490
DB00299,Penciclovir,C07417,D05407
DB12298,5-(hydroxymethyl)-2-furaldehyde,C11101,
DB12290,Puerarin,C10524,
DB02902,3'-phospho-5'-adenylyl sulfate,C00053,
DB02901,Stanolone,C03917,D07456
DB13600,Deltamethrin,C10985,
DB13602,Promegestone,C14208,D08431
DB14933,Nicotinamide riboside,C03150,
DB13603,Pyrrolnitrin,C12491,
DB13606,Phenazocine,C11790,
DB02952,2-aminoisobutyric acid,C03665,
DB02951,3-Hydroxypyruvic Acid,C00168,
DB01626,Pargyline,C07414,D08453
DB02957,Orotidylic acid,C01103,
DB01625,Isopropamide,C07055,
DB02955,Ricinoleic Acid,C08365,
DB01629,5-fluorouridine,C16633,
DB01628,Etoricoxib,C11718,D03710
DB02959,Oxitriptan,C00643,D07339
DB01627,Lincomycin,C06812,D00223
DB02958,Selenomethionine Selenoxide,C05708,
DB00301,Flucloxacillin,C11748,D04196
DB01632,5-O-phosphono-alpha-D-ribofuranosyl diphosphate,C00119,
DB02962,Benzimidazole,C02009,
DB02961,Rhamnose,C00507,
DB00305,Mitomycin,C06681,D00208
DB02967,N-Ethylmaleimide,C02441,
DB00304,Desogestrel,C07629,D02367
DB00308,Ibutilide,C07753,D00648
DB01638,Sorbitol,C00794,D00096
DB02969,5-(2-hydroxyethyl)-4-methylthiazole,C04294,
DB13627,Oxolinic acid,C11342,D02301
DB00312,Pentobarbital,C07422,D00499
DB02975,GE-2270A,C12068,
DB00313,Valproic acid,C07185,D00399
DB01643,Thymidine monophosphate,C00364,
DB00316,Acetaminophen,C06804,D00217
DB00314,Capreomycin,C01790,D00135
DB01646,N-Acetylmethionine,C02712,
DB00315,Zolmitriptan,C07218,D00415
DB01645,Genistein,C06563,
DB00318,Codeine,C06174,D03580
DB00319,Piperacillin,C14034,D00466
DB12300,P-nitrobiphenyl,C19473,
DB13637,Tenitramine,C17719,
DB02982,Bombykol,C16873,
DB00320,Dihydroergotamine,C07798,D07837
DB01650,trans-2-hydroxycinnamic acid,C01772,
DB00323,Tolcapone,C07949,D00786
DB00321,Amitriptyline,C06824,D07448
DB00322,Floxuridine,C11736,D04197
DB01652,4-hydroxybenzoyl-CoA,C02949,
DB00327,Hydromorphone,C07042,D08047
DB00328,Indomethacin,C01926,D00141
DB00325,Nitroprusside,C07269,
DB02912,Propanoyl-CoA,C00100,
DB02923,"Biphenyl-2,3-Diol",C02526,
DB02930,Adenosine 5'-[gamma-thio]triphosphate,C13742,
DB01604,Pivampicillin,C11750,
DB01603,Meticillin,C07177,
DB01602,Bacampicillin,C08122,
DB01601,Lopinavir,C12871,D01425
DB01607,Ticarcillin,C07139,
DB02938,Heptanoic acid,C17714,
DB01606,Tazobactam,C07771,D00660
DB01611,Hydroxychloroquine,C07043,D08050
DB02942,"Inositol 1,3-Bisphosphate",C04062,
DB01612,Amyl Nitrite,C07457,D00517
DB01619,Phenindamine,C07790,D08353
DB01618,Molindone,C07230,D08226
DB13682,Cefpirome,C11199,D07649
DB12358,Enbucrilate,C13415,
DB00370,Mirtazapine,C07570,D00563
DB00375,Colestipol,C06925,
DB00372,Thiethylperazine,C07132,D02354
DB00373,Timolol,C07141,D00378
DB00379,Mexiletine,C07220,D08215
DB00376,Trihexyphenidyl,C07171,D08638
DB13694,Distigmine,C16823,
DB00381,Amlodipine,C06825,D07450
DB00382,Tacrine,C01453,D08555
DB00383,Oxyphencyclimine,C07851,D08325
DB00389,Carbimazole,C07615,D07616
DB00387,Procyclidine,C07378,D08425
DB00388,Phenylephrine,C07441,D08365
DB13690,Vinyl ether,C17721,
DB00393,Nimodipine,C07267,D00438
DB00390,Digoxin,C06956,D00298
DB00396,Progesterone,C00410,D00066
DB00397,Phenylpropanolamine,C16719,D08368
DB00394,Beclomethasone dipropionate,C07813,D07495
DB00395,Carisoprodol,C07927,D00768
DB12385,10-hydroxycamptothecin,C17939,
DB13640,Acetoxolone,C17734,
DB14972,Methamidophos,C18667,
DB12310,Trehalose,C01083,
DB13644,Methylthiouracil,C19265,D07231
DB00330,Ethambutol,C06984,D07925
DB00331,Metformin,C07151,D04966
DB01661,1-(5-phospho-D-ribosyl)-ATP,C02739,
DB00334,Olanzapine,C07322,D00454
DB00332,Ipratropium,C07052,
DB00333,Methadone,C07163,D08195
DB02994,Cacodylic acid,C07308,
DB00338,Omeprazole,C07324,D00455
DB00339,Pyrazinamide,C01956,D00144
DB01669,Virginiamycin M1,C11299,
DB00336,Nitrofural,C08042,D00862
DB02999,Quisqualic acid,C08296,
DB02998,Metribolone,C14257,
DB14981,Phytic acid,C01204,
DB12328,Cantharidin,C16778,
DB00341,Cetirizine,C07778,D07662
DB01673,Uridine-5'-Diphosphate-N-Acetylmuramoyl-L-Alanine,C01212,
DB00342,Terfenadine,C07463,D00521
DB01672,"2,3-Dihydroxy-Benzoic Acid",C00196,
DB01670,Propyl acetate,C14928,
DB01677,Fumaric Acid,C00122,D02308
DB01676,Trinitrotoluene,C16391,
DB00343,Diltiazem,C06958,D07845
DB01675,Methacrylyl-Coenzyme A,C03460,
DB00344,Protriptyline,C07408,D08447
DB13661,Niridazole,C19268,
DB13667,Cefozopran,C11203,D01052
DB13669,Morpholine,C14452,
DB00352,Tioguanine,C07648,D08603
DB01683,Chymostatin,C11308,
DB00351,Megestrol acetate,C08151,D00952
DB00356,Chlorzoxazone,C07931,D00771
DB01688,P-Cresol,C01468,
DB00357,Aminoglutethimide,C07617,D00574
DB01687,beta-Mannobiose,C01728,
DB00354,Buclizine,C07777,D07547
DB01686,"N,N-dimethylarginine",C03626,
DB00355,Aztreonam,C06840,D00240
DB00358,Mefloquine,C07633,D04895
DB00359,Sulfadiazine,C07658,D00587
DB13673,Bekanamycin,C00825,
DB13671,Sulbentine,C12767,
DB13672,Dimethylaminopropionylphenothiazine,C17619,
DB13679,Dexchlorpheniramine,C06946,D07803
DB00360,Sapropterin,C00272,D08505
DB01690,Bis(Adenosine)-5'-Triphosphate,C06197,
DB00363,Clozapine,C06924,D00283
DB00364,Sucralfate,C07314,
DB01694,D-tartaric acid,C02107,
DB01692,Dithioerythritol,C00950,
DB00367,Levonorgestrel,C08153,D00950
DB00368,Norepinephrine,C00547,D00076
DB01698,Rutin,C05625,
DB00365,Grepafloxacin,C11368,
DB01697,beta-cellotriose,C06219,
DB00369,Cidofovir,C06909,
DB11068,Selenic acid,C05697,
DB11061,Povidone,C19509,D02295
DB11072,Hydrogen fluoride,C16487,
DB11071,Phenyl salicylate,C14163,
DB11089,Docusate,C07874,D00305
DB11085,Resorcinol,C01751,D00133
DB11098,Potassium bicarbonate,C18606,
DB11091,Hydrogen peroxide,C00027,
DB13721,Cypermethrin,C10984,
DB00410,Mupirocin,C11758,D01076
DB00415,Ampicillin,C06574,D00204
DB01746,D-Leucine,C01570,
DB00414,Acetohexamide,C06806,D00219
DB01744,Camphor,C00808,D06392
DB00417,Phenoxymethylpenicillin,C08126,D05411
DB01750,1-naphthaleneacetic acid,C13014,D01558
DB00422,Methylphenidate,C07196,D04999
DB00420,Promazine,C07379,D08430
DB01752,S-adenosyl-L-homocysteine,C00021,
DB00421,Spironolactone,C07310,D00443
DB01758,3-Iodo-Tyrosine,C02515,
DB00424,Hyoscyamine,C02046,D00147
DB00425,Zolpidem,C07219,D08690
DB00428,Streptozocin,C07313,D05932
DB01759,Kojic acid,C14516,
DB13747,Trolamine,C06771,D00215
DB13746,Bioallethrin,C14337,
DB12418,Saccharin,C12283,
DB00430,Cefpiramide,C13376,D01904
DB00433,Prochlorperazine,C07403,D00493
DB00434,Cyproheptadine,C06935,D07765
DB01764,Dalfopristin,C08033,D00853
DB00431,Lindane,C07075,D00360
DB01762,Acetoacetic acid,C00164,
DB00438,Ceftazidime,C06889,D07654
DB01768,Methylumbelliferyl sialic acid,C13727,
DB00435,Nitric Oxide,C00533,D00074
DB00436,Bendroflumethiazide,C07758,D00650
DB00439,Cerivastatin,C07966,D07661
DB13751,Glycyrrhizic acid,C02284,D00157
DB13752,Tetramethrin,C18373,
DB13753,Cetiedil,C13786,
DB13758,Meclofenoxate,C08195,
DB13757,Epanolol,C11773,D06646
DB00440,Trimethoprim,C01965,D00145
DB00441,Gemcitabine,C07650,D02368
DB00444,Teniposide,C11153,D02698
DB01776,M-Cresol,C01467,D04951
DB00445,Epirubicin,C11230,D07901
DB01775,Dihydroxyacetone,C00184,
DB01774,Adenosine-5'-Monophosphate Glucopyranosyl-Monophosphate Ester,C00498,
DB00449,Dipivefrin,C06963,D02349
DB01779,Glycerol 2-phosphate,C02979,
DB00446,Chloramphenicol,C00918,D00104
DB00447,Loracarbef,C08109,D00916
DB01702,"2-(3,4-Dihydroxyphenyl)Acetic Acid",C01161,
DB01700,AICA ribonucleotide,C04677,
DB01709,2-phospho-D-glyceric acid,C00631,
DB01708,Prasterone,C01227,D08409
DB01714,Epsilon-N-methyllysine,C02728,
DB01718,Cetrimonium,C11275,D03454
DB01717,Bis(Adenosine)-5'-Pentaphosphate,C04058,
DB01729,"1D-myo-inositol 1,3,4-trisphosphate",C01243,
DB01727,Isocitric Acid,C04617,
DB01726,2-Aminophenol,C01987,
DB13712,Dixanthogen,C19120,
DB13716,Dibutylphthalate,C14214,
DB13717,Phenothrin,C14387,
DB00400,Griseofulvin,C06686,D00209
DB00401,Nisoldipine,C07699,D00618
DB00404,Alprazolam,C06817,D00225
DB01735,3-Chloroalaninate,C02634,
DB00408,Loxapine,C07104,D02340
DB01738,Phosphorylcolamine,C00346,
DB11142,Selenomethionine,C05335,
DB12474,Lynestrenol,C13037,D01580
DB11145,Oxyquinoline,C19434,
DB11148,Butamben,C07875,D00730
DB00491,Miglitol,C07708,D00625
DB00492,Fosinopril,C07016,D07992
DB00490,Buspirone,C06861,D07593
DB00495,Zidovudine,C07210,D00413
DB00493,Cefotaxime,C06885,D07647
DB00494,Entacapone,C07943,D00781
DB00499,Flutamide,C07653,D00586
DB00497,Oxycodone,C08018,D05312
DB00498,Phenindione,C07584,D08354
DB11153,Potassium hydroxide,C12568,D01168
DB11157,Anthralin,C06831,
DB11156,Pyrantel,C07409,D08451
DB12480,Betulinic Acid,C08619,
DB11151,Sodium hydroxide,C12569,
DB12482,Acotiamide,C14127,
DB11176,Zeaxanthin,C06098,
DB11100,Allantoin,C01551,D00121
DB13765,Mercuric chloride,C13377,D01905
DB00451,Levothyroxine,C01829,D08125
DB01783,Pantothenic acid,C00864,D07413
DB00452,Framycetin,C01737,D05140
DB00456,Cefalotin,C07761,D07635
DB01786,D-Alanine,C00133,
DB01785,Dimethylallyl Diphosphate,C00235,
DB00454,Meperidine,C07128,D08343
DB00457,Prazosin,C07368,D08411
DB00458,Imipramine,C07049,D08070
DB13772,Rufloxacin,C11240,D02474
DB12444,Theanine,C01047,
DB13777,Prenalterol,C07533,
DB11119,Sodium iodide,C14042,
DB00467,Enoxacin,C06979,D00310
DB01796,Quinolinic Acid,C03722,
DB00465,Ketorolac,C07062,D08104
DB01795,Phenylboronic acid,C16200,
DB00468,Quinine,C06526,
DB12450,Propyl Gallate,C11155,
DB13784,Dixyrazine,C20555,
DB13781,Xamoterol,C11775,D06328
DB11121,Chloroxylenol,C14715,D03473
DB12452,Caprylic alcohol,C00756,
DB11126,Calcium gluconate,C08133,
DB12458,Muscimol,C08311,
DB00470,Dronabinol,C06972,D00306
DB00473,Hexylcaine,C14172,
DB00474,Methohexital,C07844,D04985
DB00471,Montelukast,C07482,D08229
DB00477,Chlorpromazine,C06906,D00270
DB00478,Rimantadine,C07236,D08483
DB00479,Amikacin,C06820,D02543
DB13793,Vinburnine,C09149,
DB11135,Selenium,C01529,
DB12465,Ketanserin,C07464,D02363
DB13799,Ethadione,C17724,
DB11137,Molybdenum,C00150,
DB11136,Chromium,C06268,
DB00481,Raloxifene,C07228,D08465
DB00484,Brimonidine,C07886,D07540
DB00485,Dicloxacillin,C06950,D02348
DB00482,Celecoxib,C07589,D00567
DB00489,Sotalol,C07309,D08525
DB11181,Homatropine,C07814,
DB11190,Pantethine,C12661,D01234
DB11195,Xylitol,C00379,D00061
DB01812,"Adenosine 3',5'-diphosphate",C00054,
DB01811,"3h-Indole-5,6-Diol",C05578,
DB01816,Castanospermine,C02256,
DB12515,9-aminocamptothecin,C16822,
DB12519,Sarcosine,C00213,
DB01864,5'-Guanosine-Diphosphate-Monothiophosphate,C01806,
DB00533,Rofecoxib,C07590,D00568
DB01863,"Inositol 1,3,4,5-Tetrakisphosphate",C01272,
DB00531,Cyclophosphamide,C07888,D07760
DB01861,Uridine diphosphate glucose,C00029,
DB00537,Ciprofloxacin,C05349,D00186
DB00535,Cefdinir,C08110,D00917
DB00539,Toremifene,C08166,D08620
DB12521,Methyl pyrrolidone,C11118,
DB13854,Gamolenic acid,C06426,D07213
DB00540,Nortriptyline,C07274,D08288
DB00544,Fluorouracil,C07649,D00584
DB01874,Tropinone,C00783,
DB00541,Vincristine,C07204,D08679
DB01873,Epothilone D,C12039,
DB00542,Benazepril,C06843,D07499
DB00548,Azelaic acid,C08261,D03034
DB01878,Benzophenone,C06354,
DB00545,Pyridostigmine,C07410,D00487
DB00549,Zafirlukast,C07206,D00411
DB12532,Oxetacaine,C12552,
DB13865,Dehydroemetine,C07996,D00828
DB13867,Fluticasone,C07815,D07981
DB00550,Propylthiouracil,C07569,D00562
DB00551,Acetohydroxamic acid,C06808,D00220
DB01880,"3,4-Dihydroxycinnamic Acid",C01481,
DB00554,Piroxicam,C01608,D00127
DB01885,D-Galctopyranosyl-1-On,C02669,
DB00552,Pentostatin,C02267,D00155
DB00553,Methoxsalen,C01864,D00139
DB00558,Zanamivir,C08095,D00902
DB00557,Hydroxyzine,C07045,D08054
DB13871,Albendazole oxide,C02809,D07106
DB13875,Harmaline,C06536,
DB11211,Calcium sulfide,C17392,
DB11217,Arbutin,C06186,
DB00562,Benzthiazide,C07759,D00651
DB01892,Hyperforin,C07608,
DB00560,Tigecycline,C12012,D01079
DB00566,Succimer,C07598,D00572
DB00563,Methotrexate,C01937,D00142
DB00564,Carbamazepine,C06868,D00252
DB00567,Cephalexin,C06895,D00263
DB01819,Phosphoenolpyruvate,C00074,
DB13800,Calcium levulinate,C18380,
DB13806,Linopirdine,C13780,
DB01822,"(4R,5R)-1,2-dithiane-4,5-diol",C01119,
DB01828,Methylamine,C00218,
DB13813,Iodoform,C13383,D01910
DB13814,Talampicillin,C11751,
DB13816,Aspoxicillin,C13269,D07469
DB00500,Tolmetin,C07149,D02355
DB00503,Ritonavir,C07240,D00427
DB00504,Levallorphan,C07069,
DB00501,Cimetidine,C06952,D00295
DB01833,Canavanine,C00308,
DB00502,Haloperidol,C01814,D00136
DB01839,Propylene glycol,C00583,D00078
DB00505,Tridihexethyl,C07861,
DB01837,O-acetyl-L-serine,C00979,
DB13828,Cyfluthrin,C10982,
DB13826,Etohexadiol,C14271,
DB00511,Acetyldigitoxin,C16749,D06881
DB00514,Dextromethorphan,C06947,D03742
DB00515,Cisplatin,C06911,D00275
DB00512,Vancomycin,C06689,D00212
DB01844,"N,N-dimethylformamide",C03134,
DB00513,Aminocaproic acid,C02378,D00160
DB00518,Albendazole,C01779,D00134
DB01849,Dihydrouracil,C00429,
DB00517,Anisotropine methylbromide,C06830,D00232
DB13837,Doxefazepam,C19413,D07327
DB00521,Carteolol,C06874,D07624
DB01853,Bacteriochlorophyll A,C11242,
DB01852,Kaempherol,C05903,
DB01857,Phosphoaspartate,C03082,
DB01856,Pimelic Acid,C02656,
DB00523,Alitretinoin,C15493,D02815
DB00529,Foscarnet,C06456,D00579
DB00527,Cinchocaine,C07879,D00733
DB01859,4-CDP-2-C-methyl-D-erythritol 2-phosphate,C11436,
DB11263,Polydatin,C10275,
DB11264,Calcium glycerophosphate,C12935,D01488
DB11268,Protocatechualdehyde,C16700,
DB11288,Borneol,C01411,
DB11282,Diethyltoluamide,C10935,D02379
DB11221,Dioxybenzone,C14283,D03853
DB11220,Octacosanol,C08387,
DB12551,Idazoxan,C10968,
DB12553,Fluocinolone,C07006,
DB00572,Atropine,C01479,D00113
DB00573,Fenoprofen,C06997,D00968
DB00571,Propranolol,C07407,D08443
DB00576,Sulfamethizole,C08050,D00870
DB00577,Valaciclovir,C07184,D00398
DB00574,Fenfluramine,C06996,D07945
DB00578,Carbenicillin,C06869,D07614
DB11231,Lycopene,C05432,
DB00583,Levocarnitine,C00318,D02176
DB00584,Enalapril,C06977,D07892
DB00581,Lactulose,C07064,D00352
DB00582,Voriconazole,C07622,D00578
DB00585,Nizatidine,C07270,D00440
DB00586,Diclofenac,C01690,D07816
DB11246,Copper gluconate,C12278,
DB00590,Doxazosin,C06970,D07874
DB00594,Amiloride,C06821,D07447
DB00595,Oxytetracycline,C06624,
DB00592,Piperazine,C07973,D00807
DB00593,Ethosuximide,C07505,D00539
DB00598,Labetalol,C07063,D08106
DB00599,Thiopental,C07521,
DB12582,Piperine,C03882,
DB11256,Levomefolic acid,C00440,
DB11257,Fluoride ion,C00742,
DB11259,Diosmetin,C10038,
DB01917,Putrescine,C02896,
DB01923,L-Xylulose 5-Phosphate,C03291,
DB13917,Deoxyepinephrine,C07453,
DB01930,"2,4-Dihydroxy-3,3-Dimethyl-Butyrate",C00522,
DB00602,Ivermectin,C07970,D00804
DB00603,Medroxyprogesterone acetate,C08150,D00951
DB00600,Monobenzone,C14244,D05072
DB00601,Linezolid,C08146,D00947
DB00606,Cyclothiazide,C12685,D01256
DB00607,Nafcillin,C07250,D08242
DB00604,Cisapride,C06910,D00274
DB00605,Sulindac,C01531,D00120
DB13960,Bronopol,C13034,D01577
DB13963,"1,2-dichlorobenzene",C14328,
DB11309,Sulfuric acid,C00059,D05963
DB00650,Leucovorin,C03479,D07986
DB00651,Dyphylline,C07819,D00691
DB00652,Pentazocine,C07421,D00498
DB01982,D-Mannuronic Acid,C02024,
DB00657,Mecamylamine,C07511,
DB00655,Estrone,C00468,D00067
DB01987,Cocarboxylase,C00068,
DB00656,Trazodone,C07156,D08626
DB13972,Racemethionine,C01733,D04983
DB00660,Metaxalone,C07934,D00773
DB01992,Coenzyme A,C00010,
DB00661,Verapamil,C07188,D02356
DB01990,Cholesterol sulfate,C18043,
DB00664,Sulfametopyrazine,C12616,D01216
DB00665,Nilutamide,C08164,D00965
DB00662,Trimethobenzamide,C07178,D08643
DB00663,Flumethasone,C14479,D04208
DB00668,Epinephrine,C00788,D00095
DB00669,Sumatriptan,C07319,D00451
DB00666,Nafarelin,C07613,D08241
DB11326,Boric acid,C12486,
DB00671,Cefixime,C06881,D00258
DB00670,Pirenzepine,C07508,D08389
DB00675,Tamoxifen,C07108,D08559
DB00676,Benzyl benzoate,C12537,D01138
DB00674,Galantamine,C08526,D04292
DB09008,Cefaloridine,C11754,D01075
DB00677,Isoflurophate,C00202,D00043
DB00678,Losartan,C07072,D08146
DB11335,Ascorbyl glucoside,C18339,
DB12665,Isoquercetin,C05623,
DB11337,Zeatin,C00371,
DB12668,Metenkefalin,C11684,
DB11336,Kinetin,C08272,
DB00682,Warfarin,C01541,D08682
DB00683,Midazolam,C07524,D00550
DB00680,Moricizine,C07743,D05077
DB00681,Amphotericin B,C06573,D00203
DB00687,Fludrocortisone,C07004,D07967
DB00684,Tobramycin,C00397,D00063
DB00685,Trovafloxacin,C07664,
DB00688,Mycophenolate mofetil,C07908,D00752
DB00689,Cephaloglycin,C13440,D01949
DB00608,Chloroquine,C07625,D02366
DB00609,Ethionamide,C07665,D00591
DB13918,Diclofop-methyl,C11021,
DB01941,LG-100268,C15640,
DB00610,Metaraminol,C07146,D08192
DB00613,Amodiaquine,C07626,D02922
DB00614,Furazolidone,C07999,D00830
DB00611,Butorphanol,C06863,D00837
DB00612,Bisoprolol,C06852,D02342
DB01942,Formic acid,C00058,
DB00617,Paramethadione,C07411,D00495
DB00615,Rifabutin,C07235,D00424
DB12604,Sisomicin,C00494,
DB00621,Oxandrolone,C07346,D00462
DB00624,Testosterone,C00535,D00075
DB01956,Taurine,C00245,D00047
DB00625,Efavirenz,C08088,D00896
DB00622,Nicardipine,C07264,D08270
DB00623,Fluphenazine,C07010,D07977
DB00628,Clorazepic acid,C06921,D00694
DB00629,Guanabenz,C07034,D04375
DB00626,Bacitracin,C15482,D00128
DB00627,Niacin,C00253,D00049
DB01957,3-Chlorophenol,C14270,
DB13943,Testosterone cypionate,C08156,D00957
DB13944,Testosterone enanthate,C08157,D00958
DB13949,Ferric cation,C14819,
DB12618,Apocynin,C11380,
DB01962,Phosphonotyrosine,C06501,
DB01961,Cytidine 3'-monophosphate,C05822,
DB00630,Alendronic acid,C07752,D07119
DB00635,Prednisone,C07370,D00473
DB00636,Clofibrate,C06916,D00279
DB00633,Dexmedetomidine,C07450,D00514
DB00639,Butoconazole,C08065,D07598
DB00637,Astemizole,C06832,D00234
DB00638,Inulin,C03323,D00171
DB13953,Estradiol benzoate,C13444,D01953
DB12622,Lupeol,C08628,
DB13956,Estradiol valerate,C12859,D01413
DB13954,Estradiol cypionate,C14640,D04063
DB00640,Adenosine,C00212,D00045
DB01972,Guanosine-5'-Monophosphate,C00144,
DB01971,trans-urocanic acid,C00785,
DB00646,Nystatin,C06572,D00202
DB00647,Dextropropoxyphene,C07406,D07809
DB00644,Gonadorelin,C07607,D08027
DB00645,Dyclonine,C07881,
DB00649,Stavudine,C07312,D00445
DB09061,Cannabidiol,C07578,D10915
DB11387,Chloroform,C13827,
DB11397,Dichlorvos,C14430,D03791
DB11396,Dichlorophen,C14292,
DB11390,Coumaphos,C11025,D07750
DB09085,Tetracaine,C07526,D00551
DB09086,Eugenol,C10453,
DB09088,Amylocaine,C14169,D07454
DB09096,Benzoyl peroxide,C19346,D03093
DB09093,Chlortetracycline,C06571,D07689
DB11345,(S)-camphor,C00809,
DB11348,Calcium Phosphate,C08136,
DB09028,Cytisine,C10763,D07770
DB00694,Daunorubicin,C01907,D07776
DB00691,Moexipril,C07704,D08225
DB00697,Tizanidine,C07452,D08611
DB00698,Nitrofurantoin,C07268,D00439
DB00695,Furosemide,C07017,D00331
DB00696,Ergotamine,C07544,D07906
DB11359,Guaiacol,C01502,D00117
DB12697,Methylselenocysteine,C05689,
DB11365,Sennosides,C10404,
DB11367,Cefroxadine,C12979,D01528
DB11373,Amitraz,C10995,D02380
DB11379,Butonate,C18967,D03194
DB11371,Alfaxalone,C13803,D07282
DB00701,Amprenavir,C08086,D00894
DB00700,Eplerenone,C12512,D01115
DB00705,Delavirdine,C06941,
DB00706,Tamsulosin,C07124,D08560
DB00703,Methazolamide,C07764,D00655
DB00704,Naltrexone,C07253,D05113
DB00709,Lamivudine,C07065,D00353
DB00708,Sufentanil,C08022,D05938
DB00713,Oxacillin,C07334,D08307
DB00711,Diethylcarbamazine,C07968,D07825
DB00716,Nedocromil,C07255,D05129
DB00717,Norethisterone,C05028,D00182
DB00715,Paroxetine,C07415,D02362
DB00718,Adefovir dipivoxil,C11277,D01655
DB00719,Azatadine,C07774,D07482
DB12700,Solamargine,C10819,
DB00723,Methoxamine,C07513,D08201
DB00721,Procaine,C07375,D08422
DB00727,Nitroglycerin,C07455,D00515
DB00728,Rocuronium,C07556,D00765
DB12750,N-omega-nitro-L-arginine methyl ester,C04337,
DB11421,Imidacloprid,C11110,
DB12751,Malic acid,C00711,
DB12754,Iodide,C00708,
DB09104,Magnesium hydroxide,C07876,
DB12756,TAK-901,C13927,
DB11424,Lufenuron,C18434,D08150
DB11429,Mibolerone,C14255,D05025
DB00770,Alprostadil,C04741,D00180
DB00771,Clidinium,C07853,
DB00774,Hydroflumethiazide,C07763,D00654
DB00775,Tirofiban,C07965,D08607
DB00772,Malathion,C07497,D00534
DB00773,Etoposide,C01576,D00125
DB00778,Roxithromycin,C13173,D01710
DB00779,Nalidixic acid,C05079,D00183
DB00776,Oxcarbazepine,C07492,D00533
DB00777,Propiomazine,C07405,D02361
DB11430,Monensin,C06693,D08228
DB11434,Nicarbazin,C18389,
DB09115,Diiodohydroxyquinoline,C07636,D00581
DB09116,Calcium carbimide,C19113,D03288
DB11438,Nitenpyram,C18511,
DB09112,Nitrous acid,C00088,
DB09110,Coenzyme M,C03576,
DB00782,Propantheline,C07506,
DB00780,Phenelzine,C07430,D08349
DB00783,Estradiol,C00951,D00105
DB09117,Paraldehyde,C07834,
DB00784,Mefenamic acid,C02168,D00151
DB00787,Acyclovir,C06810,D00222
DB00788,Naproxen,C01517,D00118
DB11442,Oleandomycin,C01946,
DB11448,Phosmet,C18756,D08372
DB12779,Higenamine,C06346,
DB09121,Aurothioglucose,C08193,D00991
DB00792,Tripelennamine,C07180,D08645
DB00790,Perindopril,C07706,D03753
DB00791,Uracil mustard,C11686,D06265
DB00797,Tolazoline,C07147,D08614
DB00794,Primidone,C07371,D00474
DB00795,Sulfasalazine,C07316,D00448
DB00798,Gentamicin,C00505,
DB00799,Tazarotene,C12531,D01132
DB09130,Copper,C00070,
DB11456,Ronnel,C18986,D05753
DB12789,Dinoprost,C00639,D00081
DB11457,Rotenone,C07593,
DB12710,Perazine,C16903,
DB12709,Tributyrin,C13870,
DB00730,Thiabendazole,C07131,D00372
DB00731,Nateglinide,C12508,D01111
DB00735,Naftifine,C08071,
DB00733,Pralidoxime,C07400,
DB00738,Pentamidine,C07420,
DB00739,Hetacillin,C11729,D01074
DB00737,Meclizine,C07116,D08163
DB12728,Fenpropidin,C18726,
DB00741,Hydrocortisone,C00735,D00088
DB00742,Mannitol,C00392,D00062
DB00740,Riluzole,C07937,D00775
DB00746,Deferoxamine,C06940,D03670
DB00749,Etodolac,C06991,D00315
DB00747,Scopolamine,C01851,D00138
DB00748,Carbinoxamine,C06871,D07617
DB11403,Emodepside,C18390,
DB11408,Famphur,C18658,
DB00752,Tranylcypromine,C07155,D08625
DB00753,Isoflurane,C07518,D00545
DB00750,Prilocaine,C07531,D00553
DB00756,Hexachlorophene,C08039,D00859
DB00757,Dolasetron,C07866,D07867
DB00754,Ethotoin,C07839,D00708
DB00755,Tretinoin,C00777,D00094
DB00759,Tetracycline,C06570,D00201
DB11412,Fenthion,C14420,D07950
DB00763,Methimazole,C07190,D00401
DB00764,Mometasone,C07816,D08227
DB00762,Irinotecan,C16641,D08086
DB00768,Olopatadine,C07789,D08293
DB00765,Metyrosine,C07921,D00762
DB00766,Clavulanic acid,C06662,
DB09140,Oxygen,C00007,D00003
DB12792,Boscalid,C18547,
DB11460,Squalene,C00751,
DB11466,Tepoxalin,C18362,D06075
DB11468,Tiamulin,C12065,D06127
DB09145,Water,C00001,D00001
DB09152,Nitrogen,C00697,D00083
DB11473,Metrifonate,C07971,D00805
DB11475,Tylosin,C01457,D02490
DB11478,Zeranol,C14752,D06362
DB09157,Carbon dioxide,C00011,D00004
DB09158,Trypan blue free acid,C19307,
DB09153,Sodium chloride,C13563,D02056
DB11496,2-mercaptobenzothiazole,C14437,
DB11490,Nalorphine,C11787,D08247
DB00806,Pentoxifylline,C07424,D00501
DB00807,Proparacaine,C07383,D08448
DB00812,Phenylbutazone,C07440,D00510
DB00810,Biperiden,C07941,D00779
DB00815,Sodium lauryl sulfate,C11166,D01045
DB00816,Orciprenaline,C07144,D00685
DB00814,Meloxicam,C08169,D00969
DB00819,Acetazolamide,C06805,D00218
DB00818,Propofol,C07523,D00549
DB00822,Disulfiram,C01692,D00131
DB00823,Ethynodiol diacetate,C12724,D01294
DB00821,Carprofen,C18364,D03410
DB00826,Natamycin,C08073,D00884
DB00827,Cinoxacin,C08052,D00872
DB00825,Levomenthol,C00400,D00064
DB00828,Fosfomycin,C06454,D04253
DB00829,Diazepam,C06948,D00293
DB12816,Terpinen-4-ol,C17073,
DB00830,Phenmetrazine,C07432,
DB00833,Cefaclor,C06877,D00256
DB00834,Mifepristone,C07652,D00585
DB00831,Trifluoperazine,C07168,D08636
DB00832,Phensuximide,C07437,D00508
DB00835,Brompheniramine,C06857,D07543
DB00836,Loperamide,C07080,D08144
DB00841,Dobutamine,C06967,D03879
DB00844,Nalbuphine,C07251,D08246
DB00845,Clofazimine,C06915,D00278
DB00842,Oxazepam,C07359,D00464
DB00848,Levamisole,C07070,D08114
DB00849,Methylphenobarbital,C07829,D00700
DB00847,Cysteamine,C01678,D03634
DB00800,Fenoldopam,C07693,D00613
DB00804,Dicyclomine,C06951,
DB00802,Alfentanil,C08005,D07122
DB00803,Colistin,C13768,D02138
DB12870,Buthionine Sulfoximine,C04543,
DB11544,Salinomycin,C15690,D08502
DB09220,Nicorandil,C13280,D01810
DB00890,Dienestrol,C08090,D00898
DB00894,Testolactone,C02197,D00153
DB00899,Remifentanil,C08021,D08473
DB00898,Ethanol,C00469,D00068
DB11551,Trenbolone,C14261,D08627
DB12884,Lavoltidine,C11805,
DB11552,Tricaine,C18090,D08632
DB11558,Toluene,C01455,
DB11562,Bicuculline,C09364,
DB09241,Methylene blue,C00220,
DB09242,Moxonidine,C07451,D05087
DB11576,Ferric oxide,C19424,D04168
DB09256,Tegafur,C12673,D01244
DB09255,Dextran,C00372,D00060
DB12832,Prednimustine,C19512,
DB12838,Tetrasul,C19032,
DB00851,Dacarbazine,C06936,D00288
DB00852,Pseudoephedrine,C02765,D08449
DB00850,Perphenazine,C07427,D00503
DB00855,Aminolevulinic acid,C00430,
DB00856,Chlorphenesin,C07928,
DB00854,Levorphanol,C08014,D08123
DB00859,Penicillamine,C07418,D00496
DB00857,Terbinafine,C08079,D02375
DB00858,Drostanolone,C14605,
DB11511,Difloxacin,C11234,D07828
DB11512,Dihydrostreptomycin,C01023,D07840
DB00860,Prednisolone,C07369,D00472
DB00861,Diflunisal,C01691,D00130
DB00867,Ritodrine,C07239,D02359
DB00864,Tacrolimus,C01375,D00107
DB00865,Benzphetamine,C07538,
DB00869,Dorzolamide,C06969,D07871
DB11522,Isoflupredone,C14484,
DB09203,Synephrine,C04548,D07148
DB00870,Suprofen,C07320,D00452
DB00871,Terbutaline,C07129,D08570
DB00877,Sirolimus,C07909,D00753
DB00878,Chlorhexidine,C06902,D07668
DB00875,Flupentixol,C11191,D01044
DB00876,Eprosartan,C07467,D04040
DB00879,Emtricitabine,C12599,D01199
DB12864,Melarsoprol,C08001,
DB00880,Chlorothiazide,C07461,D00519
DB00881,Quinapril,C07398,D03752
DB00884,Risedronic acid,C08233,D08484
DB00882,Clomifene,C06917,D07726
DB00883,Isosorbide dinitrate,C07456,D00516
DB09217,Firocoxib,C18363,D03712
DB00888,Mechlorethamine,C07115,D07671
DB00889,Granisetron,C07023,D04370
DB11588,Carbon monoxide,C00237,D09706
DB09269,Phenylacetic acid,C07086,
DB09270,Ubidecarenone,C11378,D01065
DB09298,Silibinin,C07610,D08515
DB00928,Azacitidine,C11262,D03021
DB12911,Nicoboxil,C13138,D01677
DB00933,Mesoridazine,C07143,D02671
DB00931,Metacycline,C07654,D04972
DB00936,Salicylic acid,C00805,D00097
DB00937,Diethylpropion,C06954,D07444
DB00934,Maprotiline,C07107,D02566
DB00935,Oxymetazoline,C07363,D08322
DB00938,Salmeterol,C07241,D05792
DB00939,Meclofenamic acid,C07117,D02341
DB12923,Gallopamil,C13764,D08009
DB00940,Methantheline,C07849,
DB00943,Zalcitabine,C07207,D00412
DB00948,Mezlocillin,C07221,D05021
DB00945,Acetylsalicylic acid,C01405,D00109
DB00949,Felbamate,C07501,D00536
DB00950,Fexofenadine,C06999,D07958
DB00951,Isoniazid,C07054,D00346
DB00955,Netilmicin,C07657,D08268
DB00952,Naratriptan,C07792,D08255
DB00956,Hydrocodone,C08024,D08045
DB12944,Phloroglucinol,C02183,D00152
DB12947,Doxifluridine,C12739,D01309
DB12946,"8-cyclopentyl-1,3-dipropylxanthine",C13709,
DB11617,Aclarubicin,C18638,D02756
DB00961,Mepivacaine,C07528,D08181
DB00962,Zaleplon,C07484,D00530
DB00960,Pindolol,C07445,D00513
DB00966,Telmisartan,C07710,D00627
DB00964,Apraclonidine,C07668,D07461
DB00968,Methyldopa,C07194,D08205
DB00900,Didanosine,C06953,D00296
DB00904,Ondansetron,C07325,D00456
DB00901,Bitolterol,C06853,D07534
DB00902,Methdilazine,C07175,D04979
DB00907,Cocaine,C01416,D00110
DB00908,Quinidine,C06527,D08458
DB00906,Tiagabine,C07503,D08588
DB00909,Zonisamide,C07504,D00538
DB00910,Paricalcitol,C08127,D00930
DB00914,Phenformin,C07673,D08351
DB00915,Amantadine,C06818,D07441
DB00912,Repaglinide,C07670,D00594
DB00919,Spectinomycin,C02078,
DB00916,Metronidazole,C07203,D00409
DB00917,Dinoprostone,C00584,D00079
DB00921,Buprenorphine,C08007,D07132
DB00925,Phenoxybenzamine,C07435,D08358
DB00923,Ceforanide,C06884,D00259
DB00924,Cyclobenzaprine,C06931,D07758
DB12996,Acteoside,C10501,
DB11664,Psilocybin,C07576,
DB09346,Metrizoic acid,C14165,
DB09347,Acetrizoic acid,C14164,D02457
DB09345,Pramocaine,C07892,D08407
DB09342,Propoxycaine,C07895,
DB09348,Propiolactone,C19297,D05630
DB09350,Piperonyl butoxide,C18880,D08383
DB11674,Equol,C14131,
DB11673,Pyridoxamine,C00534,
DB09357,Dexpanthenol,C05944,D00193
DB11678,Treosulfan,C19557,
DB09371,Norethynodrel,C14249,D05207
DB11695,Carnosine,C00386,
DB11699,Tropisetron,C13666,D02130
DB09378,Fluprednisolone,C14618,D04227
DB11623,Candoxatrilat,C11721,D03349
DB11622,Dehydrocholic acid,C13154,D01693
DB09301,Chondroitin sulfate,C00607,D00080
DB09309,Kitasamycin,C14056,
DB00972,Azelastine,C07768,D07483
DB00970,Dactinomycin,C06770,D00214
DB00976,Telithromycin,C12009,D01078
DB00977,Ethinylestradiol,C07534,D00554
DB00974,Edetic acid,C00284,D00052
DB00978,Lomefloxacin,C07078,D02318
DB00979,Cyclopentolate,C06932,D07759
DB11630,Temoporfin,C11730,D06066
DB12961,Leukotriene B4,C02165,
DB11632,Opicapone,C13847,D10825
DB12965,Silver,C06710,
DB12969,Methylinositol,C03844,
DB00983,Formoterol,C07805,D07990
DB00984,Nandrolone phenpropionate,C08155,D00956
DB00981,Physostigmine,C06535,D00196
DB09316,Thallous Chloride,C15226,
DB00987,Cytarabine,C02961,D00168
DB00988,Dopamine,C03758,D07870
DB00989,Rivastigmine,C11766,D03822
DB12972,Sepranolone,C15484,
DB09324,Sulbactam,C07770,D02223
DB09325,Sodium fluoride,C08142,
DB00990,Exemestane,C08162,D00963
DB00991,Oxaprozin,C07356,D00463
DB00994,Neomycin,C00384,D08260
DB00993,Azathioprine,C06837,D00238
DB00999,Hydrochlorothiazide,C07041,D00340
DB00997,Doxorubicin,C01661,D03899
DB12983,Phthalocyanine,C14077,
DB09338,Mersalyl,C11336,
DB08059,Wortmannin,C15181,
DB09394,Phosphoric acid,C00009,
DB08074,3-(3-Methyl-2-buten-1-yl)-3H-purin-6-amine,C08435,
DB08081,3-OXO-OCTANOIC ACID (2-OXO-TETRAHYDRO-FURAN-3-YL)-AMIDE,C11841,
DB11710,Trigonellamide,C02918,
DB09407,Magnesium chloride,C07755,
DB11738,Rilmenidine,C11120,D08482
DB09414,Dipotassium phosphate,C13197,
DB11780,Allicin,C07600,
DB09462,Glycerin,C00116,D00028
DB09477,Enalaprilat,C11720,D03769
DB09472,Sodium sulfate,C13199,D01732
DB09481,Magnesium carbonate,C12893,
DB08168,Coumarin 120,C01386,
DB09499,Thiosulfuric acid,C05529,
DB09421,Protirelin,C03958,D00176
DB11753,Rifamycin,C12044,D02549
DB11820,Nifurtimox,C08002,D00833
DB11831,Dinitrochlorobenzene,C14397,
DB11842,Angiotensin II,C02135,D02014
DB11846,Creatinine,C00791,
DB09526,Hydroquinone,C00530,D00073
DB09527,Secretin porcine,C13523,D02021
DB11858,Leukotriene D4,C05951,
DB11859,Brexanolone,C13712,D11149
DB08209,Methyl red,C19459,
DB09536,Titanium dioxide,C13409,
DB11815,Tilarginine,C03884,
DB08254,2-Naphthalenesulfonic acid,C16202,
DB08264,"(1R, 2S)-cis 1,2 dihydroxy-1,2-dihydronaphthalene",C04314,
DB09543,Methyl salicylate,C12305,D01087
DB11869,Valspodar,C11213,D06277
DB08215,Terbutryn,C18811,
DB11874,Crocin,C08589,
DB09555,Dexchlorpheniramine maleate,C07783,D00668
DB08231,Myristic acid,C06424,
DB08230,Tricetin,C10192,
DB11948,Lapachone,C10367,
DB08313,Nocodazole,C13719,D05197
DB08319,"2'-HYDROXY-1,1'-BIPHENYL-2-SULFINIC ACID",C06742,
DB08327,Homogentisic acid,C00544,
DB08326,"2-(6-HYDROXY-1,3-BENZOTHIAZOL-2-YL)-1,3-THIAZOL-4(5H)-ONE",C03797,
DB11933,Riboprine,C16427,
DB11937,Kynurenic Acid,C01717,
DB08398,"2-Amino-1-methyl-6-phenylimidazo(4,5-b)pyridine",C16038,
DB08399,Piceatannol,C05901,
DB07080,TO-901317,C15630,
DB08427,Prephenic acid,C00254,
DB07109,Isoferulic acid,C10470,
DB08437,Puromycin,C01610,
DB07118,Hymecromone,C03081,
DB08466,"5-[2-(4-hydroxyphenyl)ethyl]benzene-1,3-diol",C10255,
DB08541,"[(3S)-9-hydroxy-1-methyl-10-oxo-4,10-dihydro-3H-benzo[g]isochromen-3-yl]acetic acid",C12434,
DB08542,"3,4-dihydroxy-9,10-secoandrosta-1(10),2,4-triene-9,17-dione",C04793,
DB08517,Sakuranetin,C09833,
DB08587,Sinapic acid,C00482,
DB08604,Triclosan,C12059,D06226
DB08603,N-[(1S)-5-amino-1-(chloroacetyl)pentyl]-4-methylbenzenesulfonamide,C00896,
DB08653,Tryptamine,C00398,
DB08652,Indoleacetamide,C02693,
DB07352,Apigenin,C01477,
DB08688,2-Undecanone,C01875,
DB08620,Thiacloprid,C18512,
DB08621,Thiamphenicol,C12853,
DB08626,Thiorphan,C01619,
DB07301,Carbazole,C08060,
DB07302,9(S)-HODE,C14767,
DB08636,2-Hydroxybenzalpyruvate,C06203,
DB08690,Ubiquinone Q2,C00399,
DB07375,Etiocholanedione,C03772,
DB07374,Anisomycin,C11281,
DB07392,Atrazine,C06551,
DB08719,"5-(5-(6-CHLORO-4-(4,5-DIHYDRO-2-OXAZOLYL)PHENOXY)PENTYL)-3-METHYL ISOXAZOLE",C06489,
DB08720,"5-(5-(4-(4,5-dihydro-2-oxazoly)phenoxy)pentyl)-3-methyl osoxazole",C06490,
DB08728,"5-(3-(2,6-dichloro-4-(4,5-dihydro-2-oxazolyl)phenoxy)propyl)-3-methyl isoxazole",C06499,
DB08726,"5-(7-(4-(4,5-dihydro-2-oxazolyl)phenoxy)heptyl)-3-methyl isoxazole",C06496,
DB08723,WIN-54954,C06493,
DB08721,"5-(5-(2,6-dichloro-4-(4,5-dihydro-2-oxazolyl)phenoxy)pentyl)-3-(hydroxyethyl oxymethyleneoxymethyl) isoxazole",C06491,
DB08772,Zopolrestat,C01865,D02328
DB07447,5beta-dihydrotestosterone,C05293,
DB06144,Sertindole,C07567,D00561
DB06147,Sulfathiazole,C11169,D01047
DB06149,Teicoplanin,C15820,D02142
DB07401,Azoxystrobin,C18558,
DB07418,bis(4-nitrophenyl) hydrogen phosphate,C03779,
DB08744,Casimiroin,C10654,
DB07425,Sobetirome,C15618,D09381
DB08768,N(6)-dimethylallyladenine,C04083,
DB06155,Rimonabant,C14319,D05731
DB06151,Acetylcysteine,C06809,D00221
DB06174,Noscapine,C09592,
DB08818,Hyaluronic acid,C00518,D08043
DB08830,Dehydroascorbic acid,C05422,
DB08837,Tetraethylammonium,C07512,
DB08838,Agmatine,C00179,
DB07506,L-BENZYLSUCCINIC ACID,C09816,
DB08833,Taurochenodeoxycholic acid,C05465,
DB08834,Tauroursodeoxycholic acid,C16868,
DB08831,2-deoxyglucose,C00586,
DB08839,Serotonin,C00780,
DB08841,Tyramine,C00483,
DB08848,Guvacine,C10149,
DB08846,Ellagic acid,C10788,
DB08847,Hydroxyproline,C01157,
DB08844,Uric acid,C00366,
DB08845,Oxogluric acid,C00026,
DB08842,Acetylcarnitine,C02571,
DB08804,Nandrolone decanoate,C08154,D00955
DB08805,Metiamide,C07449,D05004
DB08809,Dichloroacetic acid,C11149,
DB07565,Chloramphenicol succinate,C11727,
DB06233,Ridaforolimus,C15183,D08900
DB06230,Nalmefene,C08027,D05111
DB06243,Eflornithine,C07997,D07883
DB06247,CX516,C13675,
DB08855,Leukotriene C4,C02166,
DB08860,Pitavastatin,C13334,D01862
DB08861,DPDPE,C20164,
DB07558,acetylleucyl-leucyl-norleucinal,C11306,
DB07557,"3,20-Pregnanedione",C05479,
DB08887,Icosapent ethyl,C16184,D01892
DB06287,Temsirolimus,C15182,D06068
DB08933,Luliconazole,C13478,D01980
DB08946,Iopanoic acid,C08217,
DB07610,"1,2-Dihydroxynaphthalene",C03012,
DB08960,Hexamethonium,C07510,
DB07637,Dibromotyrosine,C03224,
DB07635,"4,4'-Dihydroxybenzophenone",C14220,
DB08903,Bedaquiline,C14122,D09872
DB08900,Teduglutide,C16049,D06053
DB08921,(4R)-limonene,C06099,D00194
DB07640,"2-decyl-5,6-dimethoxy-3-methylcyclohexa-2,5-diene-1,4-dione",C15494,
DB07645,Sebacic acid,C08277,
DB08987,Etidocaine,C07530,D04095
DB08995,Diosmin,C10039,D07858
DB08996,Dimetacrine,C12959,D02565
DB07674,"O,O-DIETHYL HYDROGEN THIOPHOSPHATE",C06607,
DB06409,Morphine glucuronide,C16578,
DB06410,Doxercalciferol,C08211,D01009
DB06412,Oxymetholone,C07393,D00490
DB06419,Cethromycin,C12020,D02391
DB07703,"(3R,4S,5S,7R,9E,11R,12R)-12-ETHYL-4-HYDROXY-3,5,7,11-TETRAMETHYLOXACYCLODODEC-9-ENE-2,8-DIONE",C11993,
DB07706,2-Hydroxyestradiol,C05301,
DB07715,Emodin,C10343,
DB07718,4-Hydroxyphenylpyruvic acid,C01179,
DB07767,Ferulic acid,C01494,
DB07776,Flavone,C15608,
DB07780,Farnesyl diphosphate,C00448,
DB07795,Fisetin,C10041,
DB06461,Squalamine,C16841,
DB05137,Lobeline,C07475,D02364
DB05187,Elafibranor,C13744,D11208
DB06527,Tramiprosate,C03349,D06202
DB07863,2-chloro-5-nitro-N-phenylbenzamide,C15627,
DB06543,Astaxanthin,C08580,
DB07815,Gibberellin A4,C11864,
DB07814,Gibberellic acid,C01699,
DB07810,Phloretin,C00774,
DB07836,1-DECYL-3-TRIFLUORO ETHYL-SN-GLYCERO-2-PHOSPHOMETHANOL,C12123,
DB05262,Oxypurinol,C07599,D02365
DB06554,Gaboxadol,C13693,D04282
DB05232,Tetrodotoxin,C11692,
DB07896,(2S)-hydroxy(4-hydroxyphenyl)ethanoic acid,C03198,
DB05252,Fenoxaprop-ethyl,C11024,
DB05255,Ronacaleret,C13701,
DB07919,Harmine,C06538,
DB07918,2-heptyl-4-hydroxyquinoline N-oxide,C04284,
DB06637,Dalfampridine,C13728,D04127
DB04005,Uridine 5'-triphosphate,C00075,
DB07950,Indoleacetic acid,C00954,
DB07954,3-isobutyl-1-methyl-7H-xanthine,C13708,
DB05381,Histamine,C00388,D08040
DB05382,Iodine,C01382,D00108
DB04066,p-Coumaric acid,C00811,
DB04062,beta-D-fucose,C02095,
DB04070,6-Deoxyerythronolide B,C03240,
DB04075,N-Acetyl-L-Glutamate,C00624,
DB04076,Hypoxanthine,C00262,
DB04072,Alpha-Methylisocitric Acid,C04593,
DB04074,alpha-Ketoisovalerate,C00141,
DB04017,Clorgiline,C11685,D03248
DB04013,1-Deoxy-1-methoxycarbamido-beta-D-gluco-2-heptulopyranosonamide,C14221,
DB16003,Testosterone phenylpropionate,C14667,D08574
DB04022,Guanosine tetraphosphate,C01228,
DB04023,GDP-alpha-D-mannuronic acid,C00976,
DB04026,Pseudotropine,C02066,
DB04027,D-arginine,C00792,
DB16002,Testosterone isocaproate,C14663,
DB16001,Testosterone decanoate,C14607,D08573
DB06694,Xylometazoline,C07913,D08684
DB06693,Mevastatin,C13963,
DB04034,Ribulose-5-Phosphate,C00231,
DB06690,Nitrous oxide,C00887,D00102
DB06691,Mepyramine,C11798,D08183
DB04038,Ergosterol,C01694,
DB04046,Methyl beta-galactoside,C03619,
DB05377,Chlorfenson,C19024,
DB04049,Coelenteramide,C15038,
DB04099,Deamido-Nad+,C00857,
DB06709,Methacholine,C07471,
DB06707,Levonordefrin,C11768,D02388
DB06750,Ginsenoside Rg1,C08946,
DB06757,Manganese,C19610,D04854
DB06756,Glycine betaine,C00719,D07523
DB06753,Triclofos,C07165,D08634
DB06755,Beta carotene,C02094,D03101
DB06767,Ammonium chloride,C12538,D01139
DB06764,Tetryzoline,C07912,D08578
DB04104,3-Methyladenine,C00913,
DB06770,Benzyl alcohol,C03485,D00077
DB04111,Balhimycin,C15711,
DB06778,Cupric sulfate,C18713,
DB06775,Carglumic acid,C05829,D07130
DB06774,Capsaicin,C06866,D00250
DB06777,Chenodeoxycholic acid,C02528,D00163
DB04115,Berberine,C00757,D00092
DB05450,Smilagenin,C08913,
DB06782,Dimercaprol,C02924,D00167
DB04120,"4-Methyl-1,2-Benzenediol",C06730,
DB06781,Difluprednate,C12695,D01266
DB04122,beta-D-glucose 6-phosphate,C01172,
DB06780,Desoxycorticosterone acetate,C14554,D03698
DB06789,Hydroxyprogesterone caproate,C08148,D00949
DB04129,Willardiine,C03584,
DB06787,Hexocyclium,C07811,
DB16101,Baicalein,C10023,
DB06715,Potassium Iodide,C08219,D01016
DB06710,Methyltestosterone,C07198,D00408
DB06718,Stanozolol,C07311,D00444
DB06724,Calcium carbonate,C08129,D00932
DB06723,Aluminum hydroxide,C13391,
DB06726,Bufuralol,C13769,
DB06728,Aniline,C00292,
DB06727,Sparteine,C10783,D01041
DB06738,Ketobemidone,C11792,D08100
DB04179,Benzofuran,C14512,
DB04185,Norvaline,C01826,
DB04183,Methylmalonic Acid,C02170,
DB04189,N(2)-(2-carboxyethyl)-L-arginine,C06655,
DB16163,Fasoracetam,C13311,
DB16164,Fenpyroximate,C11098,
DB04196,Pteroic acid,C07582,
DB04193,L-Homoserine,C00263,
DB04132,S-Hexylglutathione,C02886,
DB06795,Mafenide,C07106,D02351
DB04137,Guanosine-5'-Triphosphate,C00044,
DB04143,Indole-3-Glycerol Phosphate,C03506,
DB05483,PCL-016,C10164,
DB04153,S-Hydroxymethyl Glutathione,C14180,
DB05482,7-ethyl-10-hydroxycamptothecin,C11173,
DB04166,Anthranilic acid,C00108,
DB04160,Pyrophosphoric acid,C00013,
DB04168,Bropirimine,C13127,D01666
DB06812,Povidone-iodine,C08043,D00863
DB06811,Polidocanol,C13493,D01993
DB06810,Plicamycin,C12389,D00468
DB06816,Pyrvinium,C07412,
DB06823,Tiopronin,C12876,D01430
DB06824,Triethylenetetramine,C07166,
DB06820,Sulconazole,C08076,D08535
DB06827,Viomycin,C01540,
DB04216,Quercetin,C00389,
DB04214,4-Nitrophenyl Phosphate,C03360,
DB04228,Dihydroxyphenylglycine,C12026,
DB04223,Nitroarginine,C03417,
DB04224,Oleic Acid,C01712,D02315
DB06894,1-Dodecanol,C02277,
DB04242,4-hydroxybenzoic acid,C00156,
DB04207,L-Saccharopine,C00449,
DB04200,Matairesinol,C10682,
DB04202,Isoformononetin,C12125,
DB06864,"2-(3-CARBOXYPROPIONYL)-6-HYDROXY-CYCLOHEXA-2,4-DIENE CARBOXYLIC ACID",C05817,
DB04291,Oxfenicine,C12323,D05292
DB04299,Maleic Acid,C01384,
DB16288,Peoniflorin,C09959,
DB04252,N-Carbamoylaspartic acid,C00438,
DB04257,Palmitoleic Acid,C08362,
DB04263,Geneticin,C17703,
DB04261,Carbamic Acid,C01563,
DB04275,N-acetylserotonin,C00978,
DB04272,Citric acid,C00158,D00037
DB04284,L-proline betaine,C10172,
DB04286,beta-D-Ribopyranose,C08353,
DB06926,"(9Z,11E,13S)-13-hydroxyoctadeca-9,11-dienoic acid",C14762,
DB06902,p-Cumylphenol,C14258,
DB05668,Palifosfamide,C16559,
DB04339,Carbocisteine,C03727,D00175
DB04335,Inosine,C00294,D00054
DB16326,Sepiapterin,C00835,
DB03010,Patupilone,C12154,
DB04347,3-Dehydroshikimate,C02637,
DB04348,Taurocholic acid,C05122,
DB04349,"(S)-propane-1,2-diol",C02917,
DB04343,Glyoxylic acid,C00048,
DB03017,Lauric acid,C02679,
DB04345,Lumichrome,C01727,
DB15006,Flufenoxuron,C18430,
DB05683,Iodofiltic acid I-123,C13426,D06608
DB04364,(R)-acetoin,C00810,
DB03032,S-octylglutathione,C11302,
DB04365,Arecoline,C10129,
DB04300,"(1s,3r,4r,6s)-1,3,4,6-Tetrapkisphosphate",C04477,
DB04302,"4-Hydroxy-3,5-Dimethyl-5-(2-Methyl-Buta-1,3-Dienyl)-5h-Thiophen-2-One",C11165,
DB04308,D-4-hydroxyphenylglycine,C03493,
DB04315,Guanosine-5'-Diphosphate,C00035,
DB04310,2-[(Formyl-Hydroxy-Amino)-Methyl]-Heptanoic Acid [1-(2-Hydroxymethyl-Pyrrolidine-1-Carbonyl)-2-Methyl-Propyl]-Amide,C12056,
DB06973,Bisphenol A,C13624,
DB04325,Phenethylamine,C05332,
DB04326,Dihydroxyacetone phosphate,C00111,
DB04327,Phosphatidylethanolamine,C00350,
DB04328,Shikimate-3-Phosphate,C03175,
DB04329,Isoquinoline,C06323,
DB03088,Pidolic acid,C01879,
DB03085,Glycolic acid,C03547,
DB03040,Nitrilotriacetic acid,C14695,
DB04370,S-sulphocysteine,C05824,
DB03041,UDP-alpha-D-glucuronic acid,C00167,
DB04377,Meglutol,C03761,D04897
DB03054,Bromoform,C14707,
DB04381,Crotonaldehyde,C19377,
DB03059,Acetoacetyl-CoA,C00332,
DB03057,Malonaldehyde,C19440,
DB04388,4-Carboxy-4-Aminobutanal,C01165,
DB15049,Sucralose,C12285,
DB03066,D-Lactic acid,C00256,
DB04398,Lactic acid,C01432,D00111
DB03074,7-cyano-7-deazaguanine,C15996,
DB04401,Betaine aldehyde,C00576,
DB04408,Ncs-Chromophore,C12049,
DB03120,p-Toluenesulfonic acid,C06677,
DB04457,2'-Deoxyguanosine-5'-Monophosphate,C00362,
DB03128,Acetylcholine,C01996,
DB04454,Alpha-Aminobutyric Acid,C02261,
DB03127,Benzamidine,C01784,
DB04456,Arsenous acid,C06697,
DB15117,Transfluthrin,C13410,
DB04461,Coproporphyrinogen III,C03263,
DB04468,Afimoxifene,C05011,D06551
DB04464,N-Formylmethionine,C03145,
DB04465,Lactose,C00243,D00046
DB04466,SR12813,C15628,
DB15127,Hydrogen,C00282,
DB04474,8-anilinonaphthalene-1-sulfonic acid,C11326,
DB03143,Nonan-1-Ol,C14696,
DB03142,Alpha-L-Arabinose,C02604,
DB03147,Flavin adenine dinucleotide,C00016,D00005
DB03145,4-Methyl-5-Hydroxyethylthiazole Phosphate,C04327,
DB04482,Cmp-2-Keto-3-Deoxy-Octulosonic Acid,C04121,
DB04485,Thymidine,C00214,
DB03158,"D-Myo-Inositol-1,4-Bisphosphate",C01220,
DB03156,beta-D-glucuronic acid,C08350,
DB04417,P-Nitrophenol,C00870,
DB04418,Adenylosuccinic acid,C03794,
DB16404,Carvacrol,C09840,
DB04425,"7,8-Dihydroneopterin",C04874,
DB04422,Homocysteine,C00155,
DB03103,Thymidine-5'- Diphosphate,C00363,
DB03101,Ribose-1-Phosphate,C00620,
DB03107,beta-Alanine,C00099,
DB03106,scyllo-inositol,C06153,
DB03108,4-phospho-D-erythronic acid,C03393,
DB04440,Nebularine,C01736,
DB03110,2-Chlorophenol,C14219,
DB04447,"1,4-Dithiothreitol",C00265,
DB03111,Glucosamine 1-Phosphate,C06156,
DB03163,2-oxopropyl-CoM,C11497,
DB03166,Acetic acid,C00033,D00010
DB03171,Indole-3-Propanol Phosphate,C04229,
DB03170,Dephospho Coenzyme A,C00882,
DB03175,Propyl alcohol,C05979,
DB03174,Phosphonoacetaldehyde,C03167,
DB03193,Stearic acid,C01530,D00119
DB05829,Parathyroid hormone,C16051,D05364
DB04506,Chlorophyll B,C05307,
DB04510,3-phospho-D-glyceric acid,C00197,
DB04519,Caprylic acid,C06423,D05220
DB04524,Malonyl-CoA,C00083,
DB04520,"(3s,8ar)-3-(4-Hydroxybenzyl)Hexahydropyrrolo[1,2-a]Pyrazine-1,4-Dione",C10605,
DB04522,Dexfosfoserine,C01005,
DB04528,"2,4-Dinitrophenol",C02496,
DB05804,Prasterone sulfate,C04555,
DB04570,Latamoxef,C07231,D08109
DB04571,Trioxsalen,C09314,D01034
DB04572,Thiotepa,C07641,D00583
DB04573,Estriol,C05141,D00185
DB03246,Beta-L-Arabinose,C02479,
DB04574,Estrone sulfate,C02538,
DB04575,Quinestrol,C07619,D00576
DB04576,Fleroxacin,C13179,D01716
DB03247,Flavin mononucleotide,C00061,
DB03252,D-Lysine,C00739,
DB03255,Phenol,C15584,D00033
DB04586,o-Bromophenol,C14841,
DB03258,2'-Deoxycytidine 5'-triphosphate,C00458,
DB15230,Dithiopyr,C18826,
DB15246,Salvianolic acid A,C10492,
DB03266,Glutaral,C12518,
DB04599,Aniracetam,C13355,D01883
DB03277,alpha-maltotriose,C01835,
DB03201,D-Cysteine,C00793,
DB04537,Tryptophanamide,C00977,
DB03206,Duvoglustat,C16843,D09605
DB03205,Pyrroloquinoline Quinone,C00113,
DB04532,Indole,C00463,
DB03203,Sphingosine,C00319,
DB04538,threo-3-methyl-L-aspartic acid,C03618,
DB04539,Glyphosate,C01705,
DB04540,Cholesterol,C00187,D00040
DB03215,"(2s,5s)-5-Carboxymethylproline",C17366,
DB15201,Norbixin,C08608,
DB15204,Fosravuconazole,C14817,
DB04551,"beta-D-fructofuranose 1,6-bisphosphate",C05378,
DB04557,Arachidonic Acid,C00219,
DB03222,dATP,C00131,
DB04552,Niflumic acid,C13698,D08275
DB04553,2-Oxobutanoic Acid,C00109,
DB03225,D-Tryptophan,C00525,
DB04555,Cytidine-5'-Diphosphate,C00112,
DB03229,alpha-Ketoisocaproic acid,C00233,
DB04569,Benzyl formate,C05613,
DB03232,"2-[(2e,6e,10e,14e,18e,22e,26e)-3,7,11,15,19,23,27,31-Octamethyldotriaconta-2,6,10,14,18,22,26,30-Octaenyl]Phenol",C05810,
DB04564,Gluconolactone,C00198,D04332
DB04566,Inosinic Acid,C00130,
DB03285,Isoliquiritigenin,C08650,
DB03283,beta-L-fucose,C20836,
DB03295,Glutathionylspermidine,C05730,
DB03298,Phenylphosphate,C02734,
DB15289,Perillyl alcohol,C02452,
DB04619,Acetophenone,C07113,
DB04622,N-acetylhistamine,C05135,
DB04620,Cycloleucine,C03969,
DB04626,Apramycin,C01555,D02322
DB04628,Allosamidin,C05346,
DB03304,7-Deaza-7-Aminomethyl-Guanine,C16675,
DB04630,Aldosterone,C01780,D10528
DB03302,"4,5,6,7-Tetrachloro-3h-Isobenzofuran-1-One",C18611,
DB03310,Glutathione disulfide,C00127,D00031
DB03316,"1,4-Dioxane",C14440,
DB04640,"Naphthalene-2,6-disulfonic acid",C16194,
DB03315,Guanosine 3'-monophosphate,C06193,
DB03313,Cephalosporin C,C00916,
DB05974,Transcrocetinate,C08588,
DB02030,Alpha-Ribazole-5'-Phosphate,C04778,
DB04690,Camptothecin,C01897,
DB04699,gamma-Butyrolactone,C01770,
DB03366,Imidazole,C01589,
DB02034,Tridolgosir,C10173,
DB14010,"5-methoxy-N,N-dimethyltryptamine",C08309,
DB15357,Xanomeline,C11767,D06330
DB14028,Nordazepam,C07486,D08283
DB15359,Xanthohumol,C16417,
DB03374,"3,5-Diiodotyrosine",C01060,
DB14020,Benzoin,C01408,
DB14038,beta-Sitosterol,C01753,D08518
DB03381,Hexadecanal,C00517,
DB02054,Gabaculine,C12110,
DB03385,4-Methylimidazole,C19262,
DB02053,Ribose-5-phosphate,C00117,
DB03389,alpha-D-Xylopyranose,C01394,
DB02056,Prostaglandin D2,C00696,
DB14031,Tretamine,C07642,
DB02061,Cellobiose,C00185,
DB02060,Cyclohexanone,C00414,
DB03395,Enalkiren,C07466,D03738
DB03397,Uridine-Diphosphate-N-Acetylglucosamine,C00043,
DB14043,Palmidrol,C16512,D08328
DB03323,Maltose,C00208,D00044
DB03322,Dexpropranolol,C11193,
DB04657,Carboxin,C11255,
DB04652,Corticosterone,C02140,
DB15316,Florasulam,C18850,
DB05990,Obeticholic acid,C15636,D09360
DB04660,Choline alfoscerate,C00670,D07349
DB02007,alpha-D-glucose 6-phosphate,C00668,
DB04665,Coumarin,C05851,
DB02010,Staurosporine,C02079,
DB03345,Mercaptoethanol,C00928,
DB03348,Huperzine B,C09866,
DB02015,Dihydrofolic Acid,C00415,
DB03346,"3,3',5,5'-tetrachlorobiphenyl-4,4'-diol",C14194,
DB15334,Biochanin A,C00814,
DB15335,Formononetin,C00858,
DB14002,D-alpha-Tocopherol acetate,C13202,D01735
DB14008,Hispidulin,C10058,
DB02025,ACV tripeptide,C05556,
DB02024,3-phenylpropionic acid,C05629,
DB02022,4-Amino-5-Hydroxymethyl-2-Methylpyrimidine,C01279,
DB03357,(S)-Mandelic acid,C01984,
DB14090,Dimethyl sulfone,C11142,
DB14056,Nigericin,C11609,
DB02070,Kynurenine,C00328,
DB02076,6-phospho-D-gluconic acid,C00345,
DB02074,Butenoic Acid,C01771,
DB02073,Biliverdine IX Alpha,C00500,
DB14054,Asiatic acid,C08617,
DB02083,"N,N-dimethylglycine",C01026,
DB02085,1-Aminocyclopropanecarboxylic Acid,C01234,
DB14066,Tetrandrine,C09654,
DB15394,gamma-Tocopherol,C02483,
DB14064,Emopamil,C13766,
DB02092,Cholesteryl Linoleate,C15441,
DB02098,Adenosine-2'-5'-Diphosphate,C03850,
DB02097,Cytidine,C00475,D07769
DB02095,Isatin,C11129,
DB14073,Gondoic acid,C16526,
DB14083,Bisphenol A diglycidyl ether,C14348,
DB14081,Asiaticoside,C15428,D07576
DB14086,Cianidanol,C06562,
DB04734,Citraconic acid,C02226,
DB03404,Hemin,C06767,D10003
DB03403,Cytidine-5'-Monophosphate,C00055,
DB03401,"1D-myo-inositol 1,4,5-trisphosphate",C01245,
DB03408,gamma-Glutamylcysteine,C00669,
DB03407,4-Nitrocatechol,C02235,
DB04737,(S)-mandelonitrile,C02615,
DB04744,Lawsone,C10368,
DB04745,2-Hydroxyquinoline,C06338,
DB03413,Deoxyuridine-5'-Diphosphate,C01346,
DB04741,Myxothiazol,C15674,
DB03419,Uracil,C00106,D00027
DB03416,Thiamine(1+) monophosphate,C01081,
DB03424,Ubenimex/Bestatin,C00732,
DB03429,Tetrastearoyl cardiolipin,C05980,
DB03430,(S)-4-hydroxymandelonitrile,C03742,
DB03435,Uridine-5'-Diphosphate,C00015,
DB04701,S-Methyl glutathione,C11347,
DB04703,Hesperidin,C09755,D01038
DB04705,25-Hydroxycholesterol,C15519,
DB04714,ISOPENTENYL PYROPHOSPHATE,C00129,
DB04729,Gentamicin C1a,C00908,
DB04728,Lividomycin A,C17707,
DB02153,3-sulfino-L-alanine,C00606,
DB02156,Sulfopyruvate,C05528,
DB02159,(R)-Propylene glycol,C02912,
DB14144,p-Aminophenol,C02372,
DB03491,2'-Deoxyguanosine-5'-Diphosphate,C00361,
DB02163,"2,5-Xylidine",C18993,
DB03499,D-Malic acid,C00497,
DB03497,L-serine O-sulfate,C02703,
DB02169,"9,10-Deepithio-9,10-Didehydroacanthifolicin",C01945,
DB14141,p-Phenylenediamine,C19499,
DB15488,Echinacoside,C10450,
DB14156,Synthetic camphor,C18369,
DB02175,Malonic acid,C04025,
DB02174,D-Glutamine,C00819,
DB02178,Phenylacetaldehyde,C00601,
DB15480,Resorcinol monoacetate,C12064,
DB14150,Chloric acid,C01485,
DB02181,2'-Deoxyguanosine-5'-Triphosphate,C00286,
DB02180,Myristoyl-Coa,C02593,
DB02186,N-Acetyl-D-Galactosamine 6-Sulfate,C04255,
DB02187,Equilin,C14392,D04041
DB15429,Thioglycolic acid,C02086,
DB02115,Daidzin,C10216,
DB02119,"6-Hydroxymethyl-7,8-Dihydropterin",C01300,
DB14103,Methionine sulfoximine,C03510,
DB14104,Linoleic acid,C01595,
DB04781,5-hydroxyvaleric acid,C02804,
DB14109,alpha-Arbutin,C12079,
DB02123,Glycochenodeoxycholic Acid,C05466,
DB03454,"3-methyl-benzene-1,2-diol",C02923,
DB04786,Suramin,C07974,
DB02129,Dihydroorotic Acid,C00337,
DB14119,Phytosphingosine,C12144,
DB03462,Thymine,C00178,
DB02130,Vanillic acid,C06672,
DB03460,Violaxanthin,C08614,
DB02134,Xanthine,C00385,
DB02133,Chlorophyll A,C05306,
DB02137,Molybdenum cofactor,C18237,
DB03467,Naringenin,C00509,
DB15458,Norleucine,C01933,
DB02142,Pyridoxamine-5'-Phosphate,C00647,
DB03473,N5-Methylglutamine,C03153,
DB03470,Trypanothione,C02090,
DB02145,Butyl alcohol,C06142,D03200
DB14121,Parasorbic acid,C08502,
DB02192,Phenylethyl alcohol,C05853,D00192
DB14175,alpha-Amyl cinnamaldehyde,C12288,
DB14176,Benzylparaben,C14393,D07518
DB14188,Isoeugenol,C10469,
DB14183,Geraniol,C01500,
DB14186,Cinnamyl alcohol,C02394,
DB14184,Cinnamaldehyde,C00903,
DB04808,Neamine,C01441,
DB04805,Virginiamycin S1,C11269,
DB02201,Malonate Ion,C00383,
DB04864,Huperzine A,C09992,
DB02203,Acetone Cyanohydrin,C02659,
DB02209,Pyridoxine phosphate,C00627,
DB03542,L-Myo-Inositol-1-Phosphate,C01177,
DB03541,"10-Propargyl-5,8-Dideazafolic Acid",C11737,
DB04877,Voacamine,C09252,
DB15533,Calcium sulfate,C13194,D09201
DB14205,Cobaltous cation,C00175,
DB14204,Nickel cation,C19609,
DB03550,Isopenicillin N,C05557,
DB04886,Calanolide A,C09147,
DB03553,Glutaric Acid,C00489,
DB02224,Taxifolin,C01617,
DB03559,Cyclohexylformamide,C11519,
DB04818,Iproniazid,C11777,D02579
DB04819,Methapyrilene,C11114,
DB04813,Bithionol,C07967,D00802
DB04816,Dantron,C10312,D07107
DB04829,Lysergic acid diethylamide,C07542,
DB04824,Phenolphthalein,C14286,D05456
DB04827,Urethane,C01537,
DB04831,Tienilic acid,C11702,D02386
DB04833,Methaqualone,C07560,D00557
DB03501,Galactose-uridine-5'-diphosphate,C00052,
DB04830,Buformin,C07674,D00595
DB04843,Mepenzolate,C07818,
DB04844,Tetrabenazine,C11168,D08575
DB03514,4-Vinylguaiacol,C17883,
DB04840,Debrisoquine,C13650,
DB03518,Mevalonic acid,C00418,
DB03515,Equilenin,C14303,
DB15588,Ursolic acid,C08988,
DB15586,Patulin,C16748,
DB15589,Zingerone,C17497,
DB02272,Porphobilinogen,C00931,
DB02279,Benzoylformic Acid,C02137,
DB15584,Luteolin,C01514,
DB15581,Chrysin,C10028,
DB02280,(R)-Mandelic acid,C01983,
DB02285,Protoporphyrin,C02191,
DB02282,5'-S-methyl-5'-thioadenosine,C00170,
DB02289,2-Aminopropanedioic Acid,C00872,
DB02296,Isoamyl alcohol,C07328,
DB03560,P-Hydroxybenzaldehyde,C00633,
DB02232,"1,2-Dihydroxybenzene",C15571,
DB02238,4-methylthio-2-oxobutanoic acid,C01180,
DB02237,Maltotetraose,C02052,
DB03568,Butyric Acid,C00246,
DB02236,Glycinamide Ribonucleotide,C03838,
DB02235,L-methionine (R)-S-oxide,C15998,
DB03566,Spermidine,C00315,
DB03575,Phencyclidine,C07575,
DB02249,2-Ethoxyethanol,C14687,
DB15565,Cilazaprilat,C17309,
DB15566,Prednisolone acetate,C08180,D00980
DB02251,O-Succinylbenzoate,C02730,
DB03582,N~2~-Succinylornithine,C03415,
DB03581,Glucose-6-Phosphate,C00092,
DB02256,2'-Deoxyuridine,C00526,
DB03587,Pyruvaldehyde,C00546,
DB03585,Oxyphenbutazone,C19494,D08324
DB03589,Mesoxalic acid,C00830,
DB15574,beta-Pinene,C09882,
DB03590,"2,6-Diaminopimelic Acid",C00666,
DB02263,Glyceraldehyde-3-Phosphate,C00118,
DB02262,Orotic acid,C00295,D00055
DB03593,7-methyl-5'-guanylic acid,C03998,
DB02266,Flufenamic acid,C13038,D01581
DB15573,alpha-Pinene,C09880,
DB04911,Oritavancin,C12034,
DB03640,Beta-Hydroxyaspartic Acid,C03961,
DB04977,Plitidepsin,C16862,D11032
DB02315,Cyclic GMP,C00942,
DB03646,"2,3-di-O-phytanyl-sn-glycerol",C13863,
DB02314,Uridine-5'-Diphosphate-N-Acetylmuramoyl-L-Alanine-D-Glutamate,C00692,
DB03644,3-hydroxyanthranilic acid,C00632,
DB02317,Alpha-D-Galactose-1-Phosphate,C00446,
DB02321,"5-(3-Amino-4,4-Dihyroxy-Butylsulfanylmethyl)-Tetrahydro-Furan-2,3,4-Triol",C03539,
DB03652,beta-D-Galactopyranuronic acid,C08348,
DB02325,Isopropyl alcohol,C01845,D00137
DB03656,Tribenuron Methyl,C10962,
DB04982,Talampanel,C13670,D02696
DB15641,Droloxifene,C14296,D03911
DB15645,Dihydromyricetin,C02906,
DB02333,Deoxyuridine-5'-Triphosphate,C00460,
DB01002,Levobupivacaine,C07887,D08116
DB01000,Cyclacillin,C12766,D01334
DB03661,L-cysteic acid,C00506,
DB01005,Hydroxyurea,C07044,D00341
DB01006,Letrozole,C08163,D00964
DB01003,Cromoglicic acid,C06928,D07753
DB02334,(R)-2-Hydroxy-3-Sulfopropanoic Acid,C11537,
DB01009,Ketoprofen,C01716,D00132
DB01007,Tioconazole,C08082,D00890
DB01008,Busulfan,C06862,D00248
DB02338,NADPH,C00005,
DB03675,"2,3-Dihydroxy-Valerianic Acid",C06007,
DB01010,Edrophonium,C06976,
DB02342,2-Methoxyestradiol,C05302,
DB01011,Metyrapone,C07205,D00410
DB01016,Glyburide,C07022,D00336
DB01017,Minocycline,C07225,D05045
DB01015,Sulfamethoxazole,C07315,D00447
DB02345,Selenocysteine,C05688,
DB01018,Guanfacine,C07037,D08031
DB01019,Bethanechol,C06850,
DB04930,Permethrin,C14388,D05443
DB03601,5-deoxyflavanone,C09762,
DB03600,Capric acid,C01571,
DB03603,Glucaric acid,C00767,
DB03608,Diminazene,C18388,
DB04942,Tamibarotene,C12864,D01418
DB03615,Ribostamycin,C01759,D08478
DB03614,Mecobalamin,C06453,D03246
DB03619,Deoxycholic acid,C04483,
DB04953,Ezogabine,C13826,D09569
DB04957,Azimilide,C13777,
DB15614,Previtamin D(3),C07711,
DB02304,Prostaglandin B2,C05954,
DB04967,Lucanthone,C11715,
DB13044,Gossypol,C07667,
DB01060,Amoxicillin,C06827,D07452
DB01063,Acetophenazine,C06807,
DB01064,Isoprenaline,C07056,D08090
DB01061,Azlocillin,C06839,D02339
DB01062,Oxybutynin,C07360,D00465
DB01065,Melatonin,C01598,D08170
DB01069,Promethazine,C07404,D00494
DB01070,Dihydrotachysterol,C06957,D00299
DB01071,Mequitazine,C12755,D01324
DB01075,Diphenhydramine,C06960,D00300
DB01076,Atorvastatin,C06834,D07474
DB01077,Etidronic acid,C07736,D02373
DB01081,Diphenoxylate,C07872,D00301
DB01082,Streptomycin,C00413,
DB01080,Vigabatrin,C07500,D00535
DB01085,Pilocarpine,C07474,D00525
DB01086,Benzocaine,C07527,D00552
DB01084,Emedastine,C07785,D07890
DB01089,Deserpidine,C06541,D08194
DB01087,Primaquine,C07627,
DB13063,Parthenolide,C07609,
DB01092,Ouabain,C01443,D00112
DB01093,Dimethyl sulfoxide,C11143,D01043
DB01091,Butenafine,C08067,D07596
DB01096,Oxamniquine,C07341,D00460
DB01097,Leflunomide,C07905,D00749
DB01094,Hesperetin,C01709,
DB01095,Fluvastatin,C07014,D07983
DB13009,Carbendazim,C10897,
DB01020,Isosorbide mononitrate,C07714,D00630
DB03685,Uridine monophosphate,C00105,
DB01021,Trichlormethiazide,C07767,D00658
DB01022,Phylloquinone,C02059,D00148
DB01028,Methoxyflurane,C07517,D00544
DB03688,Hydracrylic acid,C01013,
DB03687,4-(Cytidine 5'-diphospho)-2-C-methyl-D-erythritol,C11435,
DB01029,Irbesartan,C07469,D00523
DB13014,Hypericin,C07606,
DB01030,Topotecan,C11158,D08618
DB02362,Aminobenzoic acid,C00568,D02456
DB01031,Ethinamate,C07832,D00703
DB01034,Cerulenin,C12058,
DB01035,Procainamide,C07401,D08421
DB02365,"1,10-Phenanthroline",C00604,
DB03696,Lanosterol,C01724,
DB01032,Probenecid,C07372,D00475
DB01033,Mercaptopurine,C02380,D04931
DB01039,Fenofibrate,C07586,D00565
DB01036,Tolterodine,C07750,D00646
DB02368,N-Acetyl-L-Citrulline,C15532,
DB03699,Succinyl-Coenzyme A,C00091,
DB01037,Selegiline,C07245,D03731
DB13028,Biapenem,C11268,
DB01041,Thalidomide,C07910,D00754
DB01042,Melphalan,C07122,D00369
DB02371,"2-(2-Hydroxy-1,1-Dihydroxymethyl-Ethylamino)-Ethanesulfonic Acid",C05353,
DB01045,Rifampicin,C06688,D00211
DB02377,Guanine,C00242,
DB01046,Lubiprostone,C13707,D04790
DB01043,Memantine,C13736,D08174
DB02375,Myricetin,C10107,
DB01044,Gatifloxacin,C07661,D08011
DB01049,Ergoloid mesylate,C14055,D02268
DB02379,Beta-D-Glucose,C00221,D00009
DB01048,Abacavir,C07624,D07057
DB02380,Deoxyinosine,C05512,
DB01053,Benzylpenicillin,C05551,D02336
DB02383,Tolrestat,C01621,D02323
DB01050,Ibuprofen,C01588,D00126
DB01051,Novobiocin,C05080,
DB01056,Tocainide,C07142,D06172
DB01057,Echothiophate,C06975,D02193
DB01054,Nitrendipine,C07713,D00629
DB01055,Mimosine,C04771,
DB02385,D-threo-neopterin,C05926,
DB01058,Praziquantel,C07367,D00471
DB01059,Norfloxacin,C06687,D00210
DB04115,Berberine,C12679,D00092
DB01037,Deprenyl,C07245,D03731
DB03127,Benzamidine,C01784,
DB02054,Gabaculine,C12110,
DB14081,Asiaticoside,C15428,D07576
DB09419,Xylose,C00181,
DB13318,Demecolcine,C11250,
DB15967,Unithiol,C10922,
DB12029,Chlorogenic acid,C00852,
DB00184,[3H]nicotine,C16150,D03365
DB16885,Eupatilin,C10040,
DB00284,Acarbose,C06802,D00216
DB09357,Dexpanthenol,C05944,D00193
DB06810,Plicamycin,C12389,D00468
DB02115,Daidzin,C10216,
